id,preferred_term,identifier,mapping_status,ontology_id,ontology_source,mapping_quality,occurrences,parent_ingredient,variant_type
MediaIngredientMech:001058, Na2CO3,,MAPPED,CHEBI:29377,CHEBI,EXACT_MATCH,1,,
MediaIngredientMech:000155,(DL)-alpha-Lipoic acid,,MAPPED,CHEBI:16494,CHEBI,EXACT_MATCH,872,,
MediaIngredientMech:000650,(NH4) citrate,,MAPPED,CHEBI:63037,CHEBI,EXACT_MATCH,4,,
MediaIngredientMech:000365,(NH4)2 citrate,,MAPPED,CHEBI:63076,CHEBI,EXACT_MATCH,27,,
MediaIngredientMech:000385,(NH4)2HPO4,,MAPPED,CHEBI:62476,CHEBI,EXACT_MATCH,21,,
MediaIngredientMech:000779,(NH4)2MoO4,,MAPPED,CHEBI:91249,CHEBI,EXACT_MATCH,3,,
MediaIngredientMech:000478,(NH4)2Ni(SO4)2,,MAPPED,CHEBI:86149,CHEBI,EXACT_MATCH,12,,
MediaIngredientMech:000256,(NH4)2Ni(SO4)2 x 6 H2O,,MAPPED,CHEBI:86149,CHEBI,EXACT_MATCH,78,,
MediaIngredientMech:000473,(NH4)2Ni(SO4)2·6H2O,,MAPPED,CHEBI:86149,CHEBI,EXACT_MATCH,13,,
MediaIngredientMech:001059,(NH4)2Ni(SO4)2•6H2O,,MAPPED,CHEBI:86149,CHEBI,EXACT_MATCH,1,,
MediaIngredientMech:000863,(NH4)2S4,,MAPPED,CHEBI:62946,CHEBI,EXACT_MATCH,2,,
MediaIngredientMech:000145,(NH4)2SO4,,MAPPED,CHEBI:62946,CHEBI,EXACT_MATCH,1288,,
MediaIngredientMech:000335,(NH4)3 citrate,,MAPPED,CHEBI:63037,CHEBI,EXACT_MATCH,40,,
MediaIngredientMech:000557,(NH4)Cl,,MAPPED,CHEBI:31206,CHEBI,EXACT_MATCH,7,,
MediaIngredientMech:000759,(NH4)H2PO4,,MAPPED,CHEBI:62982,CHEBI,EXACT_MATCH,3,,
MediaIngredientMech:000852,(NH4)HCO3,,MAPPED,CHEBI:184335,CHEBI,EXACT_MATCH,2,,
MediaIngredientMech:000207,(NH4)NO3,,MAPPED,CHEBI:63038,CHEBI,EXACT_MATCH,176,,
MediaIngredientMech:001095,0.2% Thiamine pyrophosphate,,MAPPED,CHEBI:9532,CHEBI,EXACT_MATCH,1,,
MediaIngredientMech:001038,"0.5 M Nitrilotriacetic acid, disodium salt",,MAPPED,CHEBI:132766,CHEBI,EXACT_MATCH,1,,
MediaIngredientMech:000836,1 M Sodium acetate,,MAPPED,CHEBI:32954,CHEBI,EXACT_MATCH,2,,
MediaIngredientMech:000837,1 M Sodium butyrate,,MAPPED,CHEBI:64103,CHEBI,EXACT_MATCH,2,,
MediaIngredientMech:000603,1 M Sodium lactate,,MAPPED,CHEBI:75228,CHEBI,EXACT_MATCH,6,,
MediaIngredientMech:001032,"1,1,2-Trichloroethane",,MAPPED,CHEBI:36018,CHEBI,EXACT_MATCH,1,,
MediaIngredientMech:000957,"1,2-Dichloropropane",,MAPPED,CHEBI:142468,CHEBI,EXACT_MATCH,1,,
MediaIngredientMech:000612,"1,4-Naphthoquinone",,MAPPED,CHEBI:27418,CHEBI,EXACT_MATCH,6,,
MediaIngredientMech:000517,"2,2,4,4,6,8,8-Heptamethylnonane",,MAPPED,CHEBI:131383,CHEBI,EXACT_MATCH,10,,
MediaIngredientMech:000806,"2,3-butanediol",,MAPPED,CHEBI:62064,CHEBI,EXACT_MATCH,2,,
MediaIngredientMech:000979,"2,3-Butanediol",,MAPPED,CHEBI:62064,CHEBI,EXACT_MATCH,1,,
MediaIngredientMech:000842,2-(N-Morpholino)ethanesulfonic acid,,MAPPED,CHEBI:39005,CHEBI,EXACT_MATCH,2,,
MediaIngredientMech:001004,2-Furoic acid,,MAPPED,CHEBI:30845,CHEBI,EXACT_MATCH,1,,
MediaIngredientMech:000371,2-Mercaptoethanesulfonate,,MAPPED,CHEBI:17905,CHEBI,EXACT_MATCH,25,,
MediaIngredientMech:000607,2-Mercaptoethanesulfonic acid,,MAPPED,CHEBI:17905,CHEBI,EXACT_MATCH,6,,
MediaIngredientMech:000848,2-Mercaptoethanol,,MAPPED,CHEBI:41218,CHEBI,EXACT_MATCH,2,,
MediaIngredientMech:000936,2-Methyl-butyric acid,,MAPPED,CHEBI:37070,CHEBI,EXACT_MATCH,1,,
MediaIngredientMech:000395,2-Methylbutyric acid,,MAPPED,CHEBI:37070,CHEBI,EXACT_MATCH,21,,
MediaIngredientMech:000910,2-Oxoglutarate,,MAPPED,CHEBI:16810,CHEBI,EXACT_MATCH,2,,
MediaIngredientMech:000406,2Na-EDTA,,MAPPED,CHEBI:64734,CHEBI,EXACT_MATCH,20,,
MediaIngredientMech:000662,3-Hydroxybenzoic acid,,MAPPED,CHEBI:30764,CHEBI,EXACT_MATCH,3,,
MediaIngredientMech:000753,3-Indolyl acetic acid,,MAPPED,CHEBI:87514,CHEBI,EXACT_MATCH,3,,
MediaIngredientMech:000935,3-Methyl-butyric acid,,MAPPED,CHEBI:28484,CHEBI,EXACT_MATCH,1,,
MediaIngredientMech:000521,3-Methylbutyric acid,,MAPPED,CHEBI:28484,CHEBI,EXACT_MATCH,10,,
MediaIngredientMech:000248,4-Aminobenzoate,,MAPPED,CHEBI:17836,CHEBI,EXACT_MATCH,89,,
MediaIngredientMech:000654,4-aminobenzoate,,MAPPED,CHEBI:17836,CHEBI,EXACT_MATCH,4,,
MediaIngredientMech:000558,4-Aminobenzoic Acid,,MAPPED,CHEBI:30753,CHEBI,EXACT_MATCH,7,,
MediaIngredientMech:000756,4-Aminobenzoic acid,,MAPPED,CHEBI:30753,CHEBI,EXACT_MATCH,3,,
MediaIngredientMech:000870,4-aminobenzoic acid,,MAPPED,CHEBI:30753,CHEBI,EXACT_MATCH,2,,
MediaIngredientMech:001026,4-Hydroxybenzoic acid,,MAPPED,CHEBI:30763,CHEBI,EXACT_MATCH,1,,
MediaIngredientMech:001057,4-hydroxybenzoic acid,,MAPPED,CHEBI:30763,CHEBI,EXACT_MATCH,1,,
MediaIngredientMech:000752,4-Hydroxyphenyl acetic acid,,MAPPED,CHEBI:156387,CHEBI,EXACT_MATCH,3,,
MediaIngredientMech:000725,5-Aminovaleric acid,,MAPPED,CHEBI:15887,CHEBI,EXACT_MATCH,3,,
MediaIngredientMech:000555,ACES,,MAPPED,CHEBI:65994,CHEBI,EXACT_MATCH,8,,
MediaIngredientMech:000322,Acetate,,MAPPED,CHEBI:30089,CHEBI,EXACT_MATCH,43,,
MediaIngredientMech:000944,acetate,,MAPPED,CHEBI:30089,CHEBI,EXACT_MATCH,1,,
MediaIngredientMech:000342,Acetic acid,,MAPPED,CHEBI:15366,CHEBI,EXACT_MATCH,36,,
MediaIngredientMech:000119,Agar,,MAPPED,CHEBI:2509,CHEBI,EXACT_MATCH,2947,,
MediaIngredientMech:000265,agar,,MAPPED,CHEBI:2509,CHEBI,EXACT_MATCH,75,,
MediaIngredientMech:000408,Agarose,,MAPPED,CHEBI:2511,CHEBI,EXACT_MATCH,17,,
MediaIngredientMech:000909,agarose,,MAPPED,CHEBI:2511,CHEBI,EXACT_MATCH,2,,
MediaIngredientMech:001043,Al2(SO4)3 x 18 H2O,,MAPPED,CHEBI:74779,CHEBI,EXACT_MATCH,1,,
MediaIngredientMech:000292,AlCl3,,MAPPED,CHEBI:30114,CHEBI,EXACT_MATCH,57,,
MediaIngredientMech:000362,AlCl3 x 6 H2O,,MAPPED,CHEBI:30115,CHEBI,EXACT_MATCH,28,,
MediaIngredientMech:000728,AlCl3·6H2O,,MAPPED,CHEBI:30115,CHEBI,EXACT_MATCH,3,,
MediaIngredientMech:000217,AlK(SO4)2,,MAPPED,CHEBI:86463,CHEBI,EXACT_MATCH,145,,
MediaIngredientMech:000161,AlK(SO4)2 x 12 H2O,,MAPPED,CHEBI:86465,CHEBI,EXACT_MATCH,543,,
MediaIngredientMech:000974,AlK(SO4)2 x 12H2O,,MAPPED,CHEBI:86465,CHEBI,EXACT_MATCH,1,,
MediaIngredientMech:001022,AlK(SO4)2·12H2O,,MAPPED,CHEBI:86465,CHEBI,EXACT_MATCH,1,,
MediaIngredientMech:000709,Allantoin,,MAPPED,CHEBI:15676,CHEBI,EXACT_MATCH,4,,
MediaIngredientMech:000675,alpha-D-Glucose,,MAPPED,CHEBI:17925,CHEBI,EXACT_MATCH,4,,
MediaIngredientMech:000825,alpha-ketoglutaric acid,,MAPPED,CHEBI:30915,CHEBI,EXACT_MATCH,2,,
MediaIngredientMech:000251,alpha-lipoic acid,,MAPPED,CHEBI:16494,CHEBI,EXACT_MATCH,84,,
MediaIngredientMech:000563,alpha-Methylbutyric acid,,MAPPED,CHEBI:37070,CHEBI,EXACT_MATCH,7,,
MediaIngredientMech:000296,Ammonium acetate,,MAPPED,CHEBI:62947,CHEBI,EXACT_MATCH,51,,
MediaIngredientMech:000701,Ammonium Acetate,,MAPPED,CHEBI:62947,CHEBI,EXACT_MATCH,4,,
MediaIngredientMech:000178,Ammonium chloride,,MAPPED,CHEBI:31206,CHEBI,EXACT_MATCH,284,,
MediaIngredientMech:000519,Ammonium ferric citrate,,MAPPED,CHEBI:31604,CHEBI,EXACT_MATCH,10,,
MediaIngredientMech:001040,Ammonium Molybdate,,MAPPED,CHEBI:91249,CHEBI,EXACT_MATCH,1,,
MediaIngredientMech:001093,Ammonium molybdate,,MAPPED,CHEBI:91249,CHEBI,EXACT_MATCH,1,,
MediaIngredientMech:000442,Ammonium nitrate,,MAPPED,CHEBI:63038,CHEBI,EXACT_MATCH,15,,
MediaIngredientMech:000831,Ammonium Nitrate,,MAPPED,CHEBI:63038,CHEBI,EXACT_MATCH,2,,
MediaIngredientMech:000258,Ammonium sulfate,,MAPPED,CHEBI:62946,CHEBI,EXACT_MATCH,80,,
MediaIngredientMech:000482,Ammonium Sulfate,,MAPPED,CHEBI:62946,CHEBI,EXACT_MATCH,12,,
MediaIngredientMech:001014,Amphotericin B,,MAPPED,CHEBI:2682,CHEBI,EXACT_MATCH,1,,
MediaIngredientMech:001049,amphotericin B,,MAPPED,CHEBI:2682,CHEBI,EXACT_MATCH,1,,
MediaIngredientMech:000430,Ampicillin,,MAPPED,CHEBI:28971,CHEBI,EXACT_MATCH,16,,
MediaIngredientMech:000826,ampicillin,,MAPPED,CHEBI:28971,CHEBI,EXACT_MATCH,2,,
MediaIngredientMech:000778,Antipyrine,,MAPPED,CHEBI:31225,CHEBI,EXACT_MATCH,3,,
MediaIngredientMech:000890,Arabinose,,MAPPED,CHEBI:22599,CHEBI,EXACT_MATCH,2,,
MediaIngredientMech:001033,arabinose,,MAPPED,CHEBI:22599,CHEBI,EXACT_MATCH,1,,
MediaIngredientMech:000341,Arginine,,MAPPED,CHEBI:29016,CHEBI,EXACT_MATCH,37,,
MediaIngredientMech:000933,Arsenate,,MAPPED,CHEBI:29125,CHEBI,EXACT_MATCH,1,,
MediaIngredientMech:000326,Ascorbic acid,,MAPPED,CHEBI:22652,CHEBI,EXACT_MATCH,42,,
MediaIngredientMech:000390,Asparagine,,MAPPED,CHEBI:22653,CHEBI,EXACT_MATCH,22,,
MediaIngredientMech:000587,BaCl2,,MAPPED,CHEBI:63317,CHEBI,EXACT_MATCH,6,,
MediaIngredientMech:000617,BaCl2 x 2 H2O,,MAPPED,CHEBI:86153,CHEBI,EXACT_MATCH,5,,
MediaIngredientMech:000495,Bacto Middlebrook 7H10 agar,,MAPPED,CHEBI:2509,CHEBI,EXACT_MATCH,11,,
MediaIngredientMech:000350,Bacto Soytone,,MAPPED,CHEBI:8150,CHEBI,EXACT_MATCH,32,,
MediaIngredientMech:000978,Bacto-tryptone,,MAPPED,CHEBI:78018,CHEBI,EXACT_MATCH,1,,
MediaIngredientMech:000891,BCYE agar,,MAPPED,CHEBI:2509,CHEBI,EXACT_MATCH,2,,
MediaIngredientMech:000716,beta-NAD,,MAPPED,CHEBI:15846,CHEBI,EXACT_MATCH,3,,
MediaIngredientMech:000583,Betaine,,MAPPED,CHEBI:17750,CHEBI,EXACT_MATCH,6,,
MediaIngredientMech:000453,Betaine x H2O,,MAPPED,CHEBI:17750,CHEBI,EXACT_MATCH,14,,
MediaIngredientMech:000747,Bicine,,MAPPED,CHEBI:39065,CHEBI,EXACT_MATCH,3,,
MediaIngredientMech:000787,BICINE buffer,,MAPPED,CHEBI:40957,CHEBI,EXACT_MATCH,2,,
MediaIngredientMech:000128,Biotin,,MAPPED,CHEBI:15956,CHEBI,EXACT_MATCH,2136,,
MediaIngredientMech:000668,biotin,,MAPPED,CHEBI:15956,CHEBI,EXACT_MATCH,4,,
MediaIngredientMech:000425,Biotine,,MAPPED,CHEBI:15956,CHEBI,EXACT_MATCH,16,,
MediaIngredientMech:000635,Bis-Tris,,MAPPED,CHEBI:41250,CHEBI,EXACT_MATCH,3,,
MediaIngredientMech:001107,BL Agar,,MAPPED,CHEBI:2509,CHEBI,EXACT_MATCH,1,,
MediaIngredientMech:000211,Boric acid,,MAPPED,CHEBI:33118,CHEBI,EXACT_MATCH,153,,
MediaIngredientMech:000828,Boric Acid,,MAPPED,CHEBI:33118,CHEBI,EXACT_MATCH,2,,
MediaIngredientMech:001106,Brewer anaerobic agar,,MAPPED,CHEBI:2509,CHEBI,EXACT_MATCH,1,,
MediaIngredientMech:000581,Bromocresol purple,,MAPPED,CHEBI:86154,CHEBI,EXACT_MATCH,6,,
MediaIngredientMech:000209,Bromothymol blue,,MAPPED,CHEBI:86155,CHEBI,EXACT_MATCH,168,,
MediaIngredientMech:001021,bromothymol blue,,MAPPED,CHEBI:86155,CHEBI,EXACT_MATCH,1,,
MediaIngredientMech:000795,Brucella agar,,MAPPED,CHEBI:2509,CHEBI,EXACT_MATCH,2,,
MediaIngredientMech:000394,Butyric acid,,MAPPED,CHEBI:30772,CHEBI,EXACT_MATCH,21,,
MediaIngredientMech:000470,Ca(NO3)2,,MAPPED,CHEBI:77732,CHEBI,EXACT_MATCH,13,,
MediaIngredientMech:000221,Ca(NO3)2 x 4 H2O,,MAPPED,CHEBI:86159,CHEBI,EXACT_MATCH,137,,
MediaIngredientMech:000586,Ca(NO3)2·4H2O,,MAPPED,CHEBI:86159,CHEBI,EXACT_MATCH,6,,
MediaIngredientMech:000627,Ca-folinate,,MAPPED,CHEBI:31340,CHEBI,EXACT_MATCH,5,,
MediaIngredientMech:000219,Ca-pantothenate,,MAPPED,CHEBI:29032,CHEBI,EXACT_MATCH,137,,
MediaIngredientMech:000162,CaCl2,,MAPPED,CHEBI:3312,CHEBI,EXACT_MATCH,486,,
MediaIngredientMech:000115,CaCl2 x 2 H2O,,MAPPED,CHEBI:86158,CHEBI,EXACT_MATCH,3209,,
MediaIngredientMech:000327,CaCl2 x 6 H2O,,MAPPED,CHEBI:91243,CHEBI,EXACT_MATCH,42,,
MediaIngredientMech:000560,CaCl2 x 7 H2O,,MAPPED,CHEBI:3312,CHEBI,EXACT_MATCH,7,,
MediaIngredientMech:000504,CaCl2 x H2O,,MAPPED,CHEBI:3312,CHEBI,EXACT_MATCH,10,,
MediaIngredientMech:000953,CaCl2 x2H2O,,MAPPED,CHEBI:86158,CHEBI,EXACT_MATCH,1,,
MediaIngredientMech:000798,CaCl22H2O,,MAPPED,CHEBI:86158,CHEBI,EXACT_MATCH,2,,
MediaIngredientMech:001087,CaCl2x2H2O,,MAPPED,CHEBI:86158,CHEBI,EXACT_MATCH,1,,
MediaIngredientMech:000164,CaCl2·2H2O,,MAPPED,CHEBI:86158,CHEBI,EXACT_MATCH,358,,
MediaIngredientMech:000188,CaCO3,,MAPPED,CHEBI:3311,CHEBI,EXACT_MATCH,233,,
MediaIngredientMech:000876,CaHPO4,,MAPPED,CHEBI:32596,CHEBI,EXACT_MATCH,2,,
MediaIngredientMech:000839,Calcium carbonate,,MAPPED,CHEBI:3311,CHEBI,EXACT_MATCH,3,,
MediaIngredientMech:001099,Calcium Carbonate,,MAPPED,CHEBI:3311,CHEBI,EXACT_MATCH,1,,
MediaIngredientMech:000484,Calcium Chloride,,MAPPED,CHEBI:86158,CHEBI,EXACT_MATCH,12,,
MediaIngredientMech:000749,Calcium chloride,,MAPPED,CHEBI:3312,CHEBI,EXACT_MATCH,5,,
MediaIngredientMech:001104,Calcium chloride dihydrate,,MAPPED,CHEBI:3312,CHEBI,EXACT_MATCH,3,,
MediaIngredientMech:000157,Calcium pantothenate,,MAPPED,CHEBI:31345,CHEBI,EXACT_MATCH,788,,
MediaIngredientMech:000980,Calcium Pantothenate,,MAPPED,CHEBI:31345,CHEBI,EXACT_MATCH,1,,
MediaIngredientMech:000491,Caproic acid,,MAPPED,CHEBI:30776,CHEBI,EXACT_MATCH,11,,
MediaIngredientMech:000799,Capronic acid,,MAPPED,CHEBI:30776,CHEBI,EXACT_MATCH,2,,
MediaIngredientMech:001020,CAPS buffer,,MAPPED,CHEBI:191088,CHEBI,EXACT_MATCH,1,,
MediaIngredientMech:000906,CAPSO,,MAPPED,CHEBI:183882,CHEBI,EXACT_MATCH,2,,
MediaIngredientMech:000745,Carboxymethyl cellulose,,MAPPED,CHEBI:85146,CHEBI,EXACT_MATCH,3,,
MediaIngredientMech:000952,Carboxymethylcellulose,,MAPPED,CHEBI:85146,CHEBI,EXACT_MATCH,1,,
MediaIngredientMech:000773,Casamino acid,,MAPPED,CHEBI:78020,CHEBI,EXACT_MATCH,3,,
MediaIngredientMech:001046,casamino acid,,MAPPED,CHEBI:78020,CHEBI,EXACT_MATCH,1,,
MediaIngredientMech:000173,Casamino acids,,MAPPED,CHEBI:78020,CHEBI,EXACT_MATCH,386,,
MediaIngredientMech:000827,Casamino Acids,,MAPPED,CHEBI:78020,CHEBI,EXACT_MATCH,2,,
MediaIngredientMech:001071,casamino acids,,MAPPED,CHEBI:78020,CHEBI,EXACT_MATCH,1,,
MediaIngredientMech:000462,Casein,,MAPPED,CHEBI:3448,CHEBI,EXACT_MATCH,13,,
MediaIngredientMech:000528,CaSO4,,MAPPED,CHEBI:31346,CHEBI,EXACT_MATCH,9,,
MediaIngredientMech:000275,CaSO4 x 2 H2O,,MAPPED,CHEBI:32583,CHEBI,EXACT_MATCH,69,,
MediaIngredientMech:000924,CaSO4 x 7 H2O,,MAPPED,CHEBI:31346,CHEBI,EXACT_MATCH,2,,
MediaIngredientMech:001054,CaSO4.2H2O,,MAPPED,CHEBI:32583,CHEBI,EXACT_MATCH,1,,
MediaIngredientMech:000465,CaSO4·2H2O,,MAPPED,CHEBI:32583,CHEBI,EXACT_MATCH,13,,
MediaIngredientMech:000369,Catalase,,MAPPED,CHEBI:3463,CHEBI,EXACT_MATCH,26,,
MediaIngredientMech:001055,Cd(NO3)2 x 4 H2O,,MAPPED,CHEBI:86156,CHEBI,EXACT_MATCH,1,,
MediaIngredientMech:000803,CeCl3,,MAPPED,CHEBI:35458,CHEBI,EXACT_MATCH,2,,
MediaIngredientMech:000840,CeCl3 x 7 H2O,,MAPPED,CHEBI:35458,CHEBI,EXACT_MATCH,2,,
MediaIngredientMech:000200,Cellobiose,,MAPPED,CHEBI:17057,CHEBI,EXACT_MATCH,203,,
MediaIngredientMech:001069,cellobiose,,MAPPED,CHEBI:17057,CHEBI,EXACT_MATCH,1,,
MediaIngredientMech:000351,Cellulose,,MAPPED,CHEBI:18246,CHEBI,EXACT_MATCH,32,,
MediaIngredientMech:000889,Chalcopyrite,,MAPPED,CHEBI:86202,CHEBI,EXACT_MATCH,2,,
MediaIngredientMech:000781,Charcoal,,MAPPED,CHEBI:91090,CHEBI,EXACT_MATCH,3,,
MediaIngredientMech:000722,CHEBI:1,,MAPPED,CHEBI:1,CHEBI,EXACT_MATCH,2,,
MediaIngredientMech:000841,Chitosan,,MAPPED,CHEBI:16261,CHEBI,EXACT_MATCH,2,,
MediaIngredientMech:000767,Choline,,MAPPED,CHEBI:15354,CHEBI,EXACT_MATCH,3,,
MediaIngredientMech:000437,Choline chloride,,MAPPED,CHEBI:133341,CHEBI,EXACT_MATCH,16,,
MediaIngredientMech:000283,Citric acid,,MAPPED,CHEBI:30769,CHEBI,EXACT_MATCH,63,,
MediaIngredientMech:000938,Citric Acid,,MAPPED,CHEBI:53258,CHEBI,EXACT_MATCH,1,,
MediaIngredientMech:001070,citric acid,,MAPPED,CHEBI:53258,CHEBI,EXACT_MATCH,1,,
MediaIngredientMech:000822,Citric acid x H2O,,MAPPED,CHEBI:31404,CHEBI,EXACT_MATCH,2,,
MediaIngredientMech:001083,Co Carboxylase,,MAPPED,CHEBI:45395,CHEBI,EXACT_MATCH,1,,
MediaIngredientMech:000573,Co(NO3)2,,MAPPED,CHEBI:86209,CHEBI,EXACT_MATCH,7,,
MediaIngredientMech:000238,Co(NO3)2 x 6 H2O,,MAPPED,CHEBI:86214,CHEBI,EXACT_MATCH,102,,
MediaIngredientMech:001018,Co(NO3)2 x 6H2O,,MAPPED,CHEBI:86214,CHEBI,EXACT_MATCH,1,,
MediaIngredientMech:000694,Co(NO3)2.6H2O,,MAPPED,CHEBI:86214,CHEBI,EXACT_MATCH,4,,
MediaIngredientMech:000525,Co(NO3)2·6H2O,,MAPPED,CHEBI:86214,CHEBI,EXACT_MATCH,9,,
MediaIngredientMech:000754,Cobalamine,,MAPPED,CHEBI:28911,CHEBI,EXACT_MATCH,3,,
MediaIngredientMech:000372,CoCl2,,MAPPED,CHEBI:35696,CHEBI,EXACT_MATCH,25,,
MediaIngredientMech:000718,CoCl2 x 2 H2O,,MAPPED,CHEBI:35696,CHEBI,EXACT_MATCH,3,,
MediaIngredientMech:000568,CoCl2 x 4 H2O,,MAPPED,CHEBI:35696,CHEBI,EXACT_MATCH,7,,
MediaIngredientMech:000126,CoCl2 x 6 H2O,,MAPPED,CHEBI:35696,CHEBI,EXACT_MATCH,2257,,
MediaIngredientMech:000960,Coenzym A,,MAPPED,CHEBI:15346,CHEBI,EXACT_MATCH,1,,
MediaIngredientMech:000592,Coenzyme A,,MAPPED,CHEBI:15346,CHEBI,EXACT_MATCH,6,,
MediaIngredientMech:000392,Coenzyme M,,MAPPED,CHEBI:17905,CHEBI,EXACT_MATCH,21,,
MediaIngredientMech:000986,Columbia blood agar base,,MAPPED,CHEBI:2509,CHEBI,EXACT_MATCH,1,,
MediaIngredientMech:000895,Congo red,,MAPPED,CHEBI:34653,CHEBI,EXACT_MATCH,2,,
MediaIngredientMech:000578,Copper Sulfate,,MAPPED,CHEBI:23414,CHEBI,EXACT_MATCH,7,,
MediaIngredientMech:000973,Copper sulfate,,MAPPED,CHEBI:23414,CHEBI,EXACT_MATCH,1,,
MediaIngredientMech:000534,Corn meal agar,,MAPPED,CHEBI:2509,CHEBI,EXACT_MATCH,9,,
MediaIngredientMech:000755,Corn Starch,,MAPPED,CHEBI:28017,CHEBI,EXACT_MATCH,3,,
MediaIngredientMech:000757,Corn starch,,MAPPED,CHEBI:28017,CHEBI,EXACT_MATCH,3,,
MediaIngredientMech:000386,CoSO4,,MAPPED,CHEBI:53470,CHEBI,EXACT_MATCH,23,,
MediaIngredientMech:000158,CoSO4 x 7 H2O,,MAPPED,CHEBI:53470,CHEBI,EXACT_MATCH,693,,
MediaIngredientMech:001056,Cr(NO3)3 x 7 H2O,,MAPPED,CHEBI:86206,CHEBI,EXACT_MATCH,1,,
MediaIngredientMech:000850,Cr2(SO4)3 x n H2O,,MAPPED,CHEBI:53471,CHEBI,EXACT_MATCH,2,,
MediaIngredientMech:000704,Creatine,,MAPPED,CHEBI:16919,CHEBI,EXACT_MATCH,4,,
MediaIngredientMech:000695,Creatinine,,MAPPED,CHEBI:16737,CHEBI,EXACT_MATCH,4,,
MediaIngredientMech:001068,Cresol red,,MAPPED,CHEBI:86218,CHEBI,EXACT_MATCH,1,,
MediaIngredientMech:000368,Crotonic acid,,MAPPED,CHEBI:41131,CHEBI,EXACT_MATCH,26,,
MediaIngredientMech:000624,crotonic acid,,MAPPED,CHEBI:41131,CHEBI,EXACT_MATCH,5,,
MediaIngredientMech:000930,Cu(NO3)2 x 3 H2O,,MAPPED,CHEBI:78036,CHEBI,EXACT_MATCH,1,,
MediaIngredientMech:000579,CuCl,,MAPPED,CHEBI:53472,CHEBI,EXACT_MATCH,7,,
MediaIngredientMech:000257,CuCl2,,MAPPED,CHEBI:49553,CHEBI,EXACT_MATCH,80,,
MediaIngredientMech:000133,CuCl2 x 2 H2O,,MAPPED,CHEBI:86318,CHEBI,EXACT_MATCH,1962,,
MediaIngredientMech:000357,CuCl2 x 5 H2O,,MAPPED,CHEBI:91245,CHEBI,EXACT_MATCH,29,,
MediaIngredientMech:000590,CuCl2 x 6 H2O,,MAPPED,CHEBI:49553,CHEBI,EXACT_MATCH,6,,
MediaIngredientMech:000821,CuCl2 x H2O,,MAPPED,CHEBI:49553,CHEBI,EXACT_MATCH,2,,
MediaIngredientMech:001008,CuCl2-2H2O,,MAPPED,CHEBI:86318,CHEBI,EXACT_MATCH,1,,
MediaIngredientMech:000205,CuCl2·2H2O,,MAPPED,CHEBI:86318,CHEBI,EXACT_MATCH,181,,
MediaIngredientMech:000337,CuSO4,,MAPPED,CHEBI:23414,CHEBI,EXACT_MATCH,38,,
MediaIngredientMech:000423,CuSO4 . 5H2O,,MAPPED,CHEBI:31440,CHEBI,EXACT_MATCH,17,,
MediaIngredientMech:000697,CuSO4 x 2 H2O,,MAPPED,CHEBI:23414,CHEBI,EXACT_MATCH,4,,
MediaIngredientMech:000976,CuSO4 x 4 H2O,,MAPPED,CHEBI:23414,CHEBI,EXACT_MATCH,1,,
MediaIngredientMech:000152,CuSO4 x 5 H2O,,MAPPED,CHEBI:31440,CHEBI,EXACT_MATCH,1001,,
MediaIngredientMech:000715,CuSO4 x 6 H2O,,MAPPED,CHEBI:91246,CHEBI,EXACT_MATCH,3,,
MediaIngredientMech:000855,CuSO4 x H2O,,MAPPED,CHEBI:23414,CHEBI,EXACT_MATCH,2,,
MediaIngredientMech:000535,CuSO4.5H2O,,MAPPED,CHEBI:31440,CHEBI,EXACT_MATCH,9,,
MediaIngredientMech:000284,CuSO4·5H2O,,MAPPED,CHEBI:31440,CHEBI,EXACT_MATCH,63,,
MediaIngredientMech:000333,Cyanocobalamin,,MAPPED,CHEBI:17439,CHEBI,EXACT_MATCH,41,,
MediaIngredientMech:001039,cyanocobalamin,,MAPPED,CHEBI:17439,CHEBI,EXACT_MATCH,1,,
MediaIngredientMech:000731,Cycloheximid,,MAPPED,CHEBI:27641,CHEBI,EXACT_MATCH,3,,
MediaIngredientMech:000853,Cyclomaltoheptaose,,MAPPED,CHEBI:495055,CHEBI,EXACT_MATCH,2,,
MediaIngredientMech:000983,Cystein,,MAPPED,CHEBI:15356,CHEBI,EXACT_MATCH,1,,
MediaIngredientMech:000323,Cysteine,,MAPPED,CHEBI:15356,CHEBI,EXACT_MATCH,42,,
MediaIngredientMech:001023,cysteine,,MAPPED,CHEBI:15356,CHEBI,EXACT_MATCH,1,,
MediaIngredientMech:000459,Cysteine hydrochloride,,MAPPED,CHEBI:91248,CHEBI,EXACT_MATCH,13,,
MediaIngredientMech:000389,Cysteine-HCl,,MAPPED,CHEBI:52891,CHEBI,EXACT_MATCH,22,,
MediaIngredientMech:000571,Cysteine-HCl x H2O,,MAPPED,CHEBI:17561,CHEBI,EXACT_MATCH,7,,
MediaIngredientMech:000742,Czapek Dox agar,,MAPPED,CHEBI:2509,CHEBI,EXACT_MATCH,3,,
MediaIngredientMech:000965,D,,MAPPED,CHEBI:29958,CHEBI,EXACT_MATCH,1,,
MediaIngredientMech:000435,D(+)-Biotin,,MAPPED,CHEBI:15956,CHEBI,EXACT_MATCH,16,,
MediaIngredientMech:000191,D(+)-Glucose,,MAPPED,CHEBI:17634,CHEBI,EXACT_MATCH,227,,
MediaIngredientMech:001002,D(+)-Trehalose,,MAPPED,CHEBI:27082,CHEBI,EXACT_MATCH,1,,
MediaIngredientMech:000194,D-(+)-biotin,,MAPPED,CHEBI:15956,CHEBI,EXACT_MATCH,222,,
MediaIngredientMech:000968,D-Arabinose,,MAPPED,CHEBI:17108,CHEBI,EXACT_MATCH,1,,
MediaIngredientMech:000438,D-Biotin,,MAPPED,CHEBI:15956,CHEBI,EXACT_MATCH,16,,
MediaIngredientMech:000764,d-Biotin,,MAPPED,CHEBI:15956,CHEBI,EXACT_MATCH,3,,
MediaIngredientMech:000917,D-biotin,,MAPPED,CHEBI:15956,CHEBI,EXACT_MATCH,2,,
MediaIngredientMech:000261,D-Calcium pantothenate,,MAPPED,CHEBI:31345,CHEBI,EXACT_MATCH,77,,
MediaIngredientMech:000951,D-calcium pantothenate,,MAPPED,CHEBI:31345,CHEBI,EXACT_MATCH,1,,
MediaIngredientMech:000344,D-Fructose,,MAPPED,CHEBI:15824,CHEBI,EXACT_MATCH,36,,
MediaIngredientMech:000636,D-Galactose,,MAPPED,CHEBI:12936,CHEBI,EXACT_MATCH,5,,
MediaIngredientMech:000995,D-galactose,,MAPPED,CHEBI:12936,CHEBI,EXACT_MATCH,1,,
MediaIngredientMech:000844,D-galacturonic acid,,MAPPED,CHEBI:18024,CHEBI,EXACT_MATCH,2,,
MediaIngredientMech:000163,D-Glucose,,MAPPED,CHEBI:17634,CHEBI,EXACT_MATCH,483,,
MediaIngredientMech:000634,D-glucose,,MAPPED,CHEBI:42758,CHEBI,EXACT_MATCH,5,,
MediaIngredientMech:000963,D-glucuronic acid,,MAPPED,CHEBI:4178,CHEBI,EXACT_MATCH,1,,
MediaIngredientMech:000845,D-Maltose,,MAPPED,CHEBI:17306,CHEBI,EXACT_MATCH,2,,
MediaIngredientMech:000538,D-Mannitol,,MAPPED,CHEBI:16899,CHEBI,EXACT_MATCH,8,,
MediaIngredientMech:000606,D-Mannose,,MAPPED,CHEBI:16024,CHEBI,EXACT_MATCH,6,,
MediaIngredientMech:000998,D-mannose,,MAPPED,CHEBI:16024,CHEBI,EXACT_MATCH,1,,
MediaIngredientMech:000869,D-Sorbitol,,MAPPED,CHEBI:17924,CHEBI,EXACT_MATCH,2,,
MediaIngredientMech:000969,D-Trehalose,,MAPPED,CHEBI:27082,CHEBI,EXACT_MATCH,1,,
MediaIngredientMech:000999,D-trehalose,,MAPPED,CHEBI:27082,CHEBI,EXACT_MATCH,1,,
MediaIngredientMech:000467,D-Xylose,,MAPPED,CHEBI:65327,CHEBI,EXACT_MATCH,13,,
MediaIngredientMech:000996,D-xylose,,MAPPED,CHEBI:65327,CHEBI,EXACT_MATCH,1,,
MediaIngredientMech:000808,Decane,,MAPPED,CHEBI:41808,CHEBI,EXACT_MATCH,2,,
MediaIngredientMech:000472,Demineralized water,,NEEDS_EXPERT,CHEBI:15377,CHEBI,CLOSE_MATCH,5,MediaIngredientMech:001108,DEMINERALIZED
MediaIngredientMech:000956,demineralized water,,REJECTED,CHEBI:15377,CHEBI,EXACT_MATCH,1,,
MediaIngredientMech:000865,Dextran,,MAPPED,CHEBI:52071,CHEBI,EXACT_MATCH,2,,
MediaIngredientMech:000761,Dextrin,,MAPPED,CHEBI:28675,CHEBI,EXACT_MATCH,3,,
MediaIngredientMech:001048,dextrin,,MAPPED,CHEBI:28675,CHEBI,EXACT_MATCH,1,,
MediaIngredientMech:000243,Dextrose,,MAPPED,CHEBI:4167,CHEBI,EXACT_MATCH,101,,
MediaIngredientMech:000699,Diaminopimelic acid,,MAPPED,CHEBI:23674,CHEBI,EXACT_MATCH,4,,
MediaIngredientMech:000740,Diammonium Citrate,,MAPPED,CHEBI:63076,CHEBI,EXACT_MATCH,3,,
MediaIngredientMech:000775,Diammonium citrate,,MAPPED,CHEBI:63076,CHEBI,EXACT_MATCH,3,,
MediaIngredientMech:000400,Diammonium hydrogen citrate,,MAPPED,CHEBI:63076,CHEBI,EXACT_MATCH,20,,
MediaIngredientMech:000210,Dimethyl sulfoxide,,MAPPED,CHEBI:28262,CHEBI,EXACT_MATCH,159,,
MediaIngredientMech:000639,Dipotassium hydrogen phosphate,,MAPPED,CHEBI:131527,CHEBI,EXACT_MATCH,5,,
MediaIngredientMech:000600,Dipotassium Phosphate,,MAPPED,CHEBI:131527,CHEBI,EXACT_MATCH,6,,
MediaIngredientMech:000854,Dipotassium phosphate,,MAPPED,CHEBI:131527,CHEBI,EXACT_MATCH,2,,
MediaIngredientMech:000483,Disodium fumarate,,MAPPED,CHEBI:115156,CHEBI,EXACT_MATCH,12,,
MediaIngredientMech:000113,Disodium hydrogen phosphate,,MAPPED,CHEBI:34683,CHEBI,EXACT_MATCH,1,,
MediaIngredientMech:000674,Disodium oxalate,,MAPPED,CHEBI:132764,CHEBI,EXACT_MATCH,4,,
MediaIngredientMech:000480,Disodium Phosphate,,MAPPED,CHEBI:34683,CHEBI,EXACT_MATCH,12,,
MediaIngredientMech:000684,Disodium phosphate,,MAPPED,CHEBI:34683,CHEBI,EXACT_MATCH,4,,
MediaIngredientMech:000291,Disodium succinate,,MAPPED,CHEBI:63675,CHEBI,EXACT_MATCH,58,,
MediaIngredientMech:000114,Distilled water,,MAPPED,CHEBI:15377,CHEBI,EXACT_MATCH,2406,MediaIngredientMech:001108,PURIFIED
MediaIngredientMech:000338,distilled water,,REJECTED,CHEBI:15377,CHEBI,EXACT_MATCH,29,,
MediaIngredientMech:000414,Distilled Water,,REJECTED,CHEBI:15377,CHEBI,EXACT_MATCH,9,,
MediaIngredientMech:000738,Distilled water ,,REJECTED,CHEBI:15377,CHEBI,EXACT_MATCH,1,,
MediaIngredientMech:000947,Dithionite,,MAPPED,CHEBI:42160,CHEBI,EXACT_MATCH,1,,
MediaIngredientMech:000464,Dithiothreitol,,MAPPED,CHEBI:18320,CHEBI,EXACT_MATCH,13,,
MediaIngredientMech:001078,DL-2-Methyl butyric acid,,MAPPED,CHEBI:37070,CHEBI,EXACT_MATCH,1,,
MediaIngredientMech:000320,DL-2-Methylbutyric acid,,MAPPED,CHEBI:37070,CHEBI,EXACT_MATCH,43,,
MediaIngredientMech:000621,"DL-6,8-thioctic acid",,MAPPED,CHEBI:16494,CHEBI,EXACT_MATCH,5,,
MediaIngredientMech:000847,DL-alpha-lipoic acid,,MAPPED,CHEBI:16494,CHEBI,EXACT_MATCH,2,,
MediaIngredientMech:000743,DL-alpha-Methyl butyric acid,,MAPPED,CHEBI:37070,CHEBI,EXACT_MATCH,3,,
MediaIngredientMech:000907,DL-Asparagine x H2O,,MAPPED,CHEBI:22653,CHEBI,EXACT_MATCH,2,,
MediaIngredientMech:001005,DL-aspartic acid,,MAPPED,CHEBI:22660,CHEBI,EXACT_MATCH,1,,
MediaIngredientMech:000264,DL-Calcium pantothenate,,MAPPED,CHEBI:31345,CHEBI,EXACT_MATCH,76,,
MediaIngredientMech:000926,DL-calcium pantothenate,,MAPPED,CHEBI:31345,CHEBI,EXACT_MATCH,1,,
MediaIngredientMech:000967,DL-carnitine,,MAPPED,CHEBI:17126,CHEBI,EXACT_MATCH,1,,
MediaIngredientMech:000332,DL-Dithiothreitol,,MAPPED,CHEBI:18320,CHEBI,EXACT_MATCH,41,,
MediaIngredientMech:000800,DL-Histidine,,MAPPED,CHEBI:27570,CHEBI,EXACT_MATCH,2,,
MediaIngredientMech:000619,DL-Malate,,MAPPED,CHEBI:65947,CHEBI,EXACT_MATCH,5,,
MediaIngredientMech:000582,DL-Malic acid,,MAPPED,CHEBI:6650,CHEBI,EXACT_MATCH,6,,
MediaIngredientMech:001081,DL-malic acid,,MAPPED,CHEBI:6650,CHEBI,EXACT_MATCH,1,,
MediaIngredientMech:000381,DL-methionine,,MAPPED,CHEBI:16811,CHEBI,EXACT_MATCH,24,,
MediaIngredientMech:000774,DL-Methionine,,MAPPED,CHEBI:16811,CHEBI,EXACT_MATCH,3,,
MediaIngredientMech:000769,DL-mevalonic acid,,MAPPED,CHEBI:150970,CHEBI,EXACT_MATCH,3,,
MediaIngredientMech:000902,DL-Na-lactate,,MAPPED,CHEBI:75228,CHEBI,EXACT_MATCH,2,,
MediaIngredientMech:000782,DL-Na-malate,,MAPPED,CHEBI:91261,CHEBI,EXACT_MATCH,3,,
MediaIngredientMech:000772,DL-Pantothenic acid,,MAPPED,CHEBI:7916,CHEBI,EXACT_MATCH,3,,
MediaIngredientMech:000904,DL-Sodium malate,,MAPPED,CHEBI:91261,CHEBI,EXACT_MATCH,2,,
MediaIngredientMech:000712,DL-Tryptophan,,MAPPED,CHEBI:57912,CHEBI,EXACT_MATCH,4,,
MediaIngredientMech:000925,DNA,,MAPPED,CHEBI:16991,CHEBI,EXACT_MATCH,1,,
MediaIngredientMech:000268,Double distilled water,,MAPPED,CHEBI:15377,CHEBI,CLOSE_MATCH,29,MediaIngredientMech:001108,ULTRA_PURIFIED
MediaIngredientMech:000793,DTT,,MAPPED,CHEBI:18320,CHEBI,EXACT_MATCH,2,,
MediaIngredientMech:000165,EDTA,,MAPPED,CHEBI:64755,CHEBI,EXACT_MATCH,434,,
MediaIngredientMech:000664,Eisencitrat,,MAPPED,CHEBI:55553,CHEBI,EXACT_MATCH,4,,
MediaIngredientMech:000727,Elemental sulfur,,MAPPED,CHEBI:33403,CHEBI,EXACT_MATCH,3,,
MediaIngredientMech:000677,Elemental sulphur,,MAPPED,CHEBI:33403,CHEBI,EXACT_MATCH,4,,
MediaIngredientMech:000736,erythromycin,,MAPPED,CHEBI:48923,CHEBI,EXACT_MATCH,3,,
MediaIngredientMech:000937,Erythromycin,,MAPPED,CHEBI:48923,CHEBI,EXACT_MATCH,1,,
MediaIngredientMech:000195,Ethanol,,MAPPED,CHEBI:16236,CHEBI,EXACT_MATCH,145,,
MediaIngredientMech:000686,ethanol,,MAPPED,CHEBI:16236,CHEBI,EXACT_MATCH,4,,
MediaIngredientMech:000536,Ethanol absolute,,MAPPED,CHEBI:64175,CHEBI,EXACT_MATCH,8,,
MediaIngredientMech:000374,Ethylene glycol,,MAPPED,CHEBI:30742,CHEBI,EXACT_MATCH,25,,
MediaIngredientMech:000593,FAD,,MAPPED,CHEBI:16238,CHEBI,EXACT_MATCH,6,,
MediaIngredientMech:000922,Fastidious Anaerobe Agar,,MAPPED,CHEBI:2509,CHEBI,EXACT_MATCH,2,,
MediaIngredientMech:000862,Fatty acid mixture (see Medium No. 266),,MAPPED,CHEBI:35366,CHEBI,EXACT_MATCH,2,,
MediaIngredientMech:000457,Fe SO4 x 7 H2O,,MAPPED,CHEBI:75836,CHEBI,EXACT_MATCH,14,,
MediaIngredientMech:000186,Fe(III) citrate,,MAPPED,CHEBI:144421,CHEBI,EXACT_MATCH,240,,
MediaIngredientMech:000348,Fe(III)-EDTA,,MAPPED,CHEBI:30729,CHEBI,EXACT_MATCH,33,,
MediaIngredientMech:000676,Fe(III)PO4 x 4 H2O,,MAPPED,CHEBI:131372,CHEBI,EXACT_MATCH,4,,
MediaIngredientMech:000212,Fe(NH4)2(SO4)2 x 6 H2O,,MAPPED,CHEBI:76181,CHEBI,EXACT_MATCH,151,,
MediaIngredientMech:000791,Fe(NH4)2(SO4)2 x 6 H2O (0.1% w/v),,MAPPED,CHEBI:76181,CHEBI,EXACT_MATCH,2,,
MediaIngredientMech:000427,Fe(NH4)2(SO4)2 x 7 H2O,,MAPPED,CHEBI:131378,CHEBI,EXACT_MATCH,17,,
MediaIngredientMech:000429,Fe(NH4)2(SO4)2·6H2O,,MAPPED,CHEBI:76181,CHEBI,EXACT_MATCH,16,,
MediaIngredientMech:000416,Fe(NH4)citrate,,MAPPED,CHEBI:31604,CHEBI,EXACT_MATCH,18,,
MediaIngredientMech:000409,Fe2(SO4)3 x n H2O,,MAPPED,CHEBI:53438,CHEBI,EXACT_MATCH,19,,
MediaIngredientMech:000760,Fe4(PO4)2,,MAPPED,CHEBI:132767,CHEBI,EXACT_MATCH,3,,
MediaIngredientMech:000522,FeCl2,,MAPPED,CHEBI:30812,CHEBI,EXACT_MATCH,10,,
MediaIngredientMech:000147,FeCl2 x 4 H2O,,MAPPED,CHEBI:86249,CHEBI,EXACT_MATCH,1233,,
MediaIngredientMech:000861,FeCl2 x 6 H2O,,MAPPED,CHEBI:30812,CHEBI,EXACT_MATCH,2,,
MediaIngredientMech:000566,FeCl2 x 7 H2O,,MAPPED,CHEBI:30812,CHEBI,EXACT_MATCH,7,,
MediaIngredientMech:000329,FeCl2·4H2O,,MAPPED,CHEBI:86249,CHEBI,EXACT_MATCH,42,,
MediaIngredientMech:000340,FeCl3,,MAPPED,CHEBI:30808,CHEBI,EXACT_MATCH,38,,
MediaIngredientMech:000705,FeCl3 x 4 H2O,,MAPPED,CHEBI:30808,CHEBI,EXACT_MATCH,4,,
MediaIngredientMech:000180,FeCl3 x 6 H2O,,MAPPED,CHEBI:86254,CHEBI,EXACT_MATCH,268,,
MediaIngredientMech:000955,FeCl3.6H2O,,MAPPED,CHEBI:86254,CHEBI,EXACT_MATCH,1,,
MediaIngredientMech:000218,FeCl3·6H2O,,MAPPED,CHEBI:86254,CHEBI,EXACT_MATCH,141,,
MediaIngredientMech:000874,FePO4,,MAPPED,CHEBI:131371,CHEBI,EXACT_MATCH,2,,
MediaIngredientMech:000247,Ferric ammonium citrate,,MAPPED,CHEBI:31604,CHEBI,EXACT_MATCH,90,,
MediaIngredientMech:000541,Ferric Ammonium Citrate,,MAPPED,CHEBI:31604,CHEBI,EXACT_MATCH,8,,
MediaIngredientMech:000281,Ferric citrate,,MAPPED,CHEBI:144421,CHEBI,EXACT_MATCH,64,,
MediaIngredientMech:000859,Ferric citrate monohydrate,,MAPPED,CHEBI:77732,CHEBI,EXACT_MATCH,2,,
MediaIngredientMech:000685,Ferrihydrite,,MAPPED,CHEBI:192761,CHEBI,EXACT_MATCH,4,,
MediaIngredientMech:000306,FeSO4,,MAPPED,CHEBI:75832,CHEBI,EXACT_MATCH,48,,
MediaIngredientMech:000989,FeSO4 ,,MAPPED,CHEBI:75832,CHEBI,EXACT_MATCH,1,,
MediaIngredientMech:000913,FeSO4 x 5 H2O,,MAPPED,CHEBI:75832,CHEBI,EXACT_MATCH,2,,
MediaIngredientMech:000508,FeSO4 x 6 H2O,,MAPPED,CHEBI:75832,CHEBI,EXACT_MATCH,10,,
MediaIngredientMech:000130,FeSO4 x 7 H2O,,MAPPED,CHEBI:75836,CHEBI,EXACT_MATCH,1936,,
MediaIngredientMech:001045,FeSO4 x 7H2O,,MAPPED,CHEBI:75832,CHEBI,EXACT_MATCH,1,,
MediaIngredientMech:000602,FeSO4 x H2O,,MAPPED,CHEBI:75834,CHEBI,EXACT_MATCH,6,,
MediaIngredientMech:000445,FeSO4.7H2O,,MAPPED,CHEBI:75836,CHEBI,EXACT_MATCH,15,,
MediaIngredientMech:000114,Filter paper (cellulose substrate),,MAPPED,CHEBI:18246,CHEBI,EXACT_MATCH,1,,
MediaIngredientMech:000732,Fish-Sperm DNA,,MAPPED,CHEBI:16991,CHEBI,EXACT_MATCH,3,,
MediaIngredientMech:000961,Flavin adenine dinucleotide,,MAPPED,CHEBI:24040,CHEBI,EXACT_MATCH,1,,
MediaIngredientMech:000137,Folic acid,,MAPPED,CHEBI:27470,CHEBI,EXACT_MATCH,1723,,
MediaIngredientMech:000816,Folic Acid,,MAPPED,CHEBI:27470,CHEBI,EXACT_MATCH,2,,
MediaIngredientMech:000823,folic acid,,MAPPED,CHEBI:27470,CHEBI,EXACT_MATCH,2,,
MediaIngredientMech:000970,Folinic acid,,MAPPED,CHEBI:42521,CHEBI,EXACT_MATCH,1,,
MediaIngredientMech:000964,Formic acid,,MAPPED,CHEBI:30751,CHEBI,EXACT_MATCH,1,,
MediaIngredientMech:000288,Fructose,,MAPPED,CHEBI:28645,CHEBI,EXACT_MATCH,60,,
MediaIngredientMech:001051,Fucose,,MAPPED,CHEBI:33984,CHEBI,EXACT_MATCH,1,,
MediaIngredientMech:000632,Fumaric acid,,MAPPED,CHEBI:18012,CHEBI,EXACT_MATCH,5,,
MediaIngredientMech:000932,fumaric acid,,MAPPED,CHEBI:18012,CHEBI,EXACT_MATCH,1,,
MediaIngredientMech:000984,Fumaric Acid,,MAPPED,CHEBI:18012,CHEBI,EXACT_MATCH,1,,
MediaIngredientMech:000523,Galactose,,MAPPED,CHEBI:28260,CHEBI,EXACT_MATCH,10,,
MediaIngredientMech:001097,GAM agar,,MAPPED,CHEBI:2509,CHEBI,EXACT_MATCH,1,,
MediaIngredientMech:000908,gamma-Aminobutyric acid,,MAPPED,CHEBI:16865,CHEBI,EXACT_MATCH,2,,
MediaIngredientMech:000737,gelatin,,MAPPED,CHEBI:5291,CHEBI,EXACT_MATCH,3,,
MediaIngredientMech:000992,Gelatin,,MAPPED,CHEBI:5291,CHEBI,EXACT_MATCH,1,,
MediaIngredientMech:000611,Gelatine,,MAPPED,CHEBI:5291,CHEBI,EXACT_MATCH,6,,
MediaIngredientMech:000940,gelatine,,MAPPED,CHEBI:5291,CHEBI,EXACT_MATCH,1,,
MediaIngredientMech:000702,Gellan Gum,,MAPPED,CHEBI:85248,CHEBI,EXACT_MATCH,4,,
MediaIngredientMech:000720,gellan gum,,MAPPED,CHEBI:85248,CHEBI,EXACT_MATCH,3,,
MediaIngredientMech:000897,Gellan gum,,MAPPED,CHEBI:85248,CHEBI,EXACT_MATCH,2,,
MediaIngredientMech:000456,Gelrite,,MAPPED,CHEBI:85248,CHEBI,EXACT_MATCH,14,,
MediaIngredientMech:000929,gelrite,,MAPPED,CHEBI:85248,CHEBI,EXACT_MATCH,1,,
MediaIngredientMech:000894,Gentisic acid,,MAPPED,CHEBI:17189,CHEBI,EXACT_MATCH,2,,
MediaIngredientMech:001077,Gluconic acid,,MAPPED,CHEBI:24266,CHEBI,EXACT_MATCH,1,,
MediaIngredientMech:000138,Glucose,,MAPPED,CHEBI:17234,CHEBI,EXACT_MATCH,1630,,
MediaIngredientMech:000359,glucose,,MAPPED,CHEBI:42758,CHEBI,EXACT_MATCH,29,,
MediaIngredientMech:000458,Glutamic acid,,MAPPED,CHEBI:18237,CHEBI,EXACT_MATCH,13,,
MediaIngredientMech:000946,glutamic acid,,MAPPED,CHEBI:18237,CHEBI,EXACT_MATCH,1,,
MediaIngredientMech:000466,Glutathione,,MAPPED,CHEBI:16856,CHEBI,EXACT_MATCH,13,,
MediaIngredientMech:000657,glycerin,,MAPPED,CHEBI:17754,CHEBI,EXACT_MATCH,4,,
MediaIngredientMech:000201,Glycerol,,MAPPED,CHEBI:17754,CHEBI,EXACT_MATCH,205,,
MediaIngredientMech:000588,glycerol,,MAPPED,CHEBI:15978,CHEBI,EXACT_MATCH,6,,
MediaIngredientMech:000857,Glycerol mono-oleate,,MAPPED,CHEBI:75937,CHEBI,EXACT_MATCH,2,,
MediaIngredientMech:000691,Glycerol monostearate,,MAPPED,CHEBI:75456,CHEBI,EXACT_MATCH,4,,
MediaIngredientMech:000975,Glycerol-asparagine agar,,MAPPED,CHEBI:2509,CHEBI,EXACT_MATCH,1,,
MediaIngredientMech:000244,Glycine,,MAPPED,CHEBI:15428,CHEBI,EXACT_MATCH,99,,
MediaIngredientMech:000527,Glycyl-glycine,,MAPPED,CHEBI:17201,CHEBI,EXACT_MATCH,9,,
MediaIngredientMech:000597,H2O,,MAPPED,CHEBI:15377,CHEBI,EXACT_MATCH,6,,
MediaIngredientMech:000434,H2SeO3,,MAPPED,CHEBI:26642,CHEBI,EXACT_MATCH,16,,
MediaIngredientMech:000181,H2SO4,,MAPPED,CHEBI:26836,CHEBI,EXACT_MATCH,305,,
MediaIngredientMech:000397,H2WO4,,MAPPED,CHEBI:36272,CHEBI,EXACT_MATCH,21,,
MediaIngredientMech:000920,H3BO2,,MAPPED,CHEBI:38267,CHEBI,EXACT_MATCH,2,,
MediaIngredientMech:000117,H3BO3,,MAPPED,CHEBI:33118,CHEBI,EXACT_MATCH,3461,,
MediaIngredientMech:000228,Haemin,,MAPPED,CHEBI:50385,CHEBI,EXACT_MATCH,126,,
MediaIngredientMech:000510,haemin,,MAPPED,CHEBI:50385,CHEBI,EXACT_MATCH,10,,
MediaIngredientMech:000150,HCl,,MAPPED,CHEBI:17883,CHEBI,EXACT_MATCH,1113,,
MediaIngredientMech:000302,Hemin,,MAPPED,CHEBI:50385,CHEBI,EXACT_MATCH,51,,
MediaIngredientMech:000625,hemin,,MAPPED,CHEBI:50385,CHEBI,EXACT_MATCH,5,,
MediaIngredientMech:000811,Hemin chloride,,MAPPED,CHEBI:50385,CHEBI,EXACT_MATCH,2,,
MediaIngredientMech:000215,HEPES,,MAPPED,CHEBI:46756,CHEBI,EXACT_MATCH,148,,
MediaIngredientMech:001034,Hepes,,MAPPED,CHEBI:46756,CHEBI,EXACT_MATCH,1,,
MediaIngredientMech:000426,HEPES buffer,,MAPPED,CHEBI:19708,CHEBI,EXACT_MATCH,17,,
MediaIngredientMech:000982,Heptadecane,,MAPPED,CHEBI:16148,CHEBI,EXACT_MATCH,1,,
MediaIngredientMech:000892,Hexachlorocyclo-hexane,,MAPPED,CHEBI:24536,CHEBI,EXACT_MATCH,2,,
MediaIngredientMech:000424,Hexadecane,,MAPPED,CHEBI:45296,CHEBI,EXACT_MATCH,17,,
MediaIngredientMech:000355,Histidine,,MAPPED,CHEBI:27570,CHEBI,EXACT_MATCH,31,,
MediaIngredientMech:000681,Hypoxanthine,,MAPPED,CHEBI:17368,CHEBI,EXACT_MATCH,4,,
MediaIngredientMech:000885,Indigo carmine,,MAPPED,CHEBI:31695,CHEBI,EXACT_MATCH,2,,
MediaIngredientMech:000487,Indigocarmine,,MAPPED,CHEBI:31695,CHEBI,EXACT_MATCH,12,,
MediaIngredientMech:000682,Inorganic salts-starch agar,,MAPPED,CHEBI:2509,CHEBI,EXACT_MATCH,4,,
MediaIngredientMech:000468,Inosin,,MAPPED,CHEBI:17596,CHEBI,EXACT_MATCH,13,,
MediaIngredientMech:000421,Inositol,,MAPPED,CHEBI:24848,CHEBI,EXACT_MATCH,18,,
MediaIngredientMech:000698,Inulin,,MAPPED,CHEBI:15443,CHEBI,EXACT_MATCH,4,,
MediaIngredientMech:001037,Iron,,MAPPED,CHEBI:18248,CHEBI,EXACT_MATCH,1,,
MediaIngredientMech:001086,Iron metal,,MAPPED,CHEBI:82664,CHEBI,EXACT_MATCH,1,,
MediaIngredientMech:001073,Iron powder,,MAPPED,CHEBI:82664,CHEBI,EXACT_MATCH,1,,
MediaIngredientMech:001084,iron powder,,MAPPED,CHEBI:82664,CHEBI,EXACT_MATCH,1,,
MediaIngredientMech:000115,Iron(II) sulfate,,MAPPED,CHEBI:29033,CHEBI,EXACT_MATCH,1,,
MediaIngredientMech:000570,Iron(III) citrate,,MAPPED,CHEBI:144421,CHEBI,EXACT_MATCH,7,,
MediaIngredientMech:000864,iron(III) citrate,,MAPPED,CHEBI:144421,CHEBI,EXACT_MATCH,2,,
MediaIngredientMech:000384,iso-Butyric acid,,MAPPED,CHEBI:16135,CHEBI,EXACT_MATCH,23,,
MediaIngredientMech:000378,iso-Valeric acid,,MAPPED,CHEBI:503742,CHEBI,EXACT_MATCH,24,,
MediaIngredientMech:000286,Isobutyric acid,,MAPPED,CHEBI:16135,CHEBI,EXACT_MATCH,62,,
MediaIngredientMech:000706,Isopropyl alcohol,,MAPPED,CHEBI:17824,CHEBI,EXACT_MATCH,4,,
MediaIngredientMech:000305,Isovaleric acid,,MAPPED,CHEBI:28484,CHEBI,EXACT_MATCH,50,,
MediaIngredientMech:000580,K-acetate,,MAPPED,CHEBI:32029,CHEBI,EXACT_MATCH,7,,
MediaIngredientMech:000596,K2CO3,,MAPPED,CHEBI:131526,CHEBI,EXACT_MATCH,6,,
MediaIngredientMech:001067,K2CrO4,,MAPPED,CHEBI:75249,CHEBI,EXACT_MATCH,1,,
MediaIngredientMech:000122,K2HPO4,,MAPPED,CHEBI:131527,CHEBI,EXACT_MATCH,2775,,
MediaIngredientMech:000231,K2HPO4 x 3 H2O,,MAPPED,CHEBI:131527,CHEBI,EXACT_MATCH,118,,
MediaIngredientMech:000415,K2S4O6,,MAPPED,CHEBI:86466,CHEBI,EXACT_MATCH,18,,
MediaIngredientMech:000266,K2SO4,,MAPPED,CHEBI:32036,CHEBI,EXACT_MATCH,74,,
MediaIngredientMech:001064,K2SO4 x 7 H2O,,MAPPED,CHEBI:32036,CHEBI,EXACT_MATCH,1,,
MediaIngredientMech:001074,KAl(SO4)2,,MAPPED,CHEBI:86463,CHEBI,EXACT_MATCH,1,,
MediaIngredientMech:000354,KAl(SO4)2 x 12 H2O,,MAPPED,CHEBI:86465,CHEBI,EXACT_MATCH,31,,
MediaIngredientMech:000293,KAl(SO4)2·12H2O,,MAPPED,CHEBI:86465,CHEBI,EXACT_MATCH,57,,
MediaIngredientMech:001101,Kanamycin sulfate,,MAPPED,CHEBI:6109,CHEBI,EXACT_MATCH,1,,
MediaIngredientMech:000177,KBr,,MAPPED,CHEBI:32030,CHEBI,EXACT_MATCH,294,,
MediaIngredientMech:000123,KCl,,MAPPED,CHEBI:32588,CHEBI,EXACT_MATCH,2631,,
MediaIngredientMech:000734,KCL,,MAPPED,CHEBI:32588,CHEBI,EXACT_MATCH,3,,
MediaIngredientMech:000673,KF,,MAPPED,CHEBI:73605,CHEBI,EXACT_MATCH,4,,
MediaIngredientMech:000116,KH2PO4,,MAPPED,CHEBI:63036,CHEBI,EXACT_MATCH,3818,,
MediaIngredientMech:000433,KHCO3,,MAPPED,CHEBI:81862,CHEBI,EXACT_MATCH,16,,
MediaIngredientMech:000232,KI,,MAPPED,CHEBI:8346,CHEBI,EXACT_MATCH,116,,
MediaIngredientMech:000170,KNO3,,MAPPED,CHEBI:58242,CHEBI,EXACT_MATCH,399,,
MediaIngredientMech:000213,KOH,,MAPPED,CHEBI:32035,CHEBI,EXACT_MATCH,163,,
MediaIngredientMech:000608,KSCN,,MAPPED,CHEBI:30951,CHEBI,EXACT_MATCH,6,,
MediaIngredientMech:000717,L(+)-Tartaric acid,,MAPPED,CHEBI:15671,CHEBI,EXACT_MATCH,3,,
MediaIngredientMech:000403,L-Alanine,,MAPPED,CHEBI:16977,CHEBI,EXACT_MATCH,20,,
MediaIngredientMech:000289,L-Arginine,,MAPPED,CHEBI:16467,CHEBI,EXACT_MATCH,59,,
MediaIngredientMech:000576,L-Arginine x HCl,,MAPPED,CHEBI:31235,CHEBI,EXACT_MATCH,7,,
MediaIngredientMech:000526,L-Ascorbic acid,,MAPPED,CHEBI:29073,CHEBI,EXACT_MATCH,9,,
MediaIngredientMech:001080,L-ascorbic acid,,MAPPED,CHEBI:29073,CHEBI,EXACT_MATCH,1,,
MediaIngredientMech:000622,L-Asparagin,,MAPPED,CHEBI:17196,CHEBI,EXACT_MATCH,5,,
MediaIngredientMech:000282,L-Asparagine,,MAPPED,CHEBI:17196,CHEBI,EXACT_MATCH,64,,
MediaIngredientMech:000735,L-Aspartic acid,,MAPPED,CHEBI:17053,CHEBI,EXACT_MATCH,3,,
MediaIngredientMech:000277,L-Cysteine,,MAPPED,CHEBI:35235,CHEBI,EXACT_MATCH,69,,
MediaIngredientMech:001082,L-cysteine,,MAPPED,CHEBI:17561,CHEBI,EXACT_MATCH,1,,
MediaIngredientMech:000223,L-Cysteine HCl,,MAPPED,CHEBI:52891,CHEBI,EXACT_MATCH,132,,
MediaIngredientMech:000153,L-Cysteine HCl x H2O,,MAPPED,CHEBI:91248,CHEBI,EXACT_MATCH,958,,
MediaIngredientMech:000313,L-Cysteine-HCl x H2O,,MAPPED,CHEBI:17561,CHEBI,EXACT_MATCH,46,,
MediaIngredientMech:000923,L-cysteine-HCL x H2O,,MAPPED,CHEBI:17561,CHEBI,EXACT_MATCH,2,,
MediaIngredientMech:000564,L-Cystine,,MAPPED,CHEBI:16283,CHEBI,EXACT_MATCH,7,,
MediaIngredientMech:001062,L-cystine,,MAPPED,CHEBI:16283,CHEBI,EXACT_MATCH,1,,
MediaIngredientMech:000846,L-Fucose,,MAPPED,CHEBI:18287,CHEBI,EXACT_MATCH,2,,
MediaIngredientMech:000361,L-Glutamic acid,,MAPPED,CHEBI:16015,CHEBI,EXACT_MATCH,27,,
MediaIngredientMech:000562,L-Glutamic Acid,,MAPPED,CHEBI:16015,CHEBI,EXACT_MATCH,7,,
MediaIngredientMech:000220,L-Glutamine,,MAPPED,CHEBI:18050,CHEBI,EXACT_MATCH,137,,
MediaIngredientMech:001028,L-Histidin,,MAPPED,CHEBI:15971,CHEBI,EXACT_MATCH,1,,
MediaIngredientMech:000272,L-Histidine,,MAPPED,CHEBI:15971,CHEBI,EXACT_MATCH,71,,
MediaIngredientMech:000294,L-Isoleucine,,MAPPED,CHEBI:17191,CHEBI,EXACT_MATCH,56,,
MediaIngredientMech:000278,L-Leucine,,MAPPED,CHEBI:15603,CHEBI,EXACT_MATCH,65,,
MediaIngredientMech:000318,L-Lysine,,MAPPED,CHEBI:18019,CHEBI,EXACT_MATCH,44,,
MediaIngredientMech:000744,L-Lysine HCl,,MAPPED,CHEBI:53633,CHEBI,EXACT_MATCH,3,,
MediaIngredientMech:000274,L-Methionine,,MAPPED,CHEBI:16643,CHEBI,EXACT_MATCH,69,,
MediaIngredientMech:000312,L-Phenylalanine,,MAPPED,CHEBI:17295,CHEBI,EXACT_MATCH,46,,
MediaIngredientMech:000280,L-Proline,,MAPPED,CHEBI:17203,CHEBI,EXACT_MATCH,64,,
MediaIngredientMech:000623,L-Rhamnose,,MAPPED,CHEBI:62345,CHEBI,EXACT_MATCH,5,,
MediaIngredientMech:000997,L-rhamnose,,MAPPED,CHEBI:62345,CHEBI,EXACT_MATCH,1,,
MediaIngredientMech:001029,L-Serin,,MAPPED,CHEBI:17115,CHEBI,EXACT_MATCH,1,,
MediaIngredientMech:000270,L-Serine,,MAPPED,CHEBI:17115,CHEBI,EXACT_MATCH,72,,
MediaIngredientMech:000451,L-Sodium lactate,,MAPPED,CHEBI:867561,CHEBI,EXACT_MATCH,14,,
MediaIngredientMech:000310,L-Threonine,,MAPPED,CHEBI:16857,CHEBI,EXACT_MATCH,48,,
MediaIngredientMech:000298,L-Tryptophan,,MAPPED,CHEBI:16828,CHEBI,EXACT_MATCH,53,,
MediaIngredientMech:001063,L-tryptophan,,MAPPED,CHEBI:16828,CHEBI,EXACT_MATCH,1,,
MediaIngredientMech:000316,L-Tyrosine,,MAPPED,CHEBI:17895,CHEBI,EXACT_MATCH,45,,
MediaIngredientMech:000304,L-Valine,,MAPPED,CHEBI:16414,CHEBI,EXACT_MATCH,50,,
MediaIngredientMech:000561,Lactate,,MAPPED,CHEBI:24996,CHEBI,EXACT_MATCH,7,,
MediaIngredientMech:000339,Lactose,,MAPPED,CHEBI:17716,CHEBI,EXACT_MATCH,38,,
MediaIngredientMech:001003,lactose,,MAPPED,CHEBI:36218,CHEBI,EXACT_MATCH,1,,
MediaIngredientMech:001009,Legionella agar enrichment,,MAPPED,CHEBI:2509,CHEBI,EXACT_MATCH,1,,
MediaIngredientMech:000516,LiCl,,MAPPED,CHEBI:48607,CHEBI,EXACT_MATCH,10,,
MediaIngredientMech:000166,Lipoic acid,,MAPPED,CHEBI:16494,CHEBI,EXACT_MATCH,436,,
MediaIngredientMech:000550,m-Xylene,,MAPPED,CHEBI:28488,CHEBI,EXACT_MATCH,8,,
MediaIngredientMech:000723,Magnesium acetate,,MAPPED,CHEBI:62964,CHEBI,EXACT_MATCH,3,,
MediaIngredientMech:000234,Magnesium chloride,,MAPPED,CHEBI:86345,CHEBI,EXACT_MATCH,117,,
MediaIngredientMech:000832,Magnesium Chloride,,MAPPED,CHEBI:86345,CHEBI,EXACT_MATCH,2,,
MediaIngredientMech:000981,magnesium chloride,,MAPPED,CHEBI:86345,CHEBI,EXACT_MATCH,1,,
MediaIngredientMech:000116,Magnesium chloride hexahydrate,,MAPPED,CHEBI:6636,CHEBI,EXACT_MATCH,1,,
MediaIngredientMech:000174,Magnesium sulfate,,MAPPED,CHEBI:32599,CHEBI,EXACT_MATCH,383,,
MediaIngredientMech:000551,Magnesium Sulfate,,MAPPED,CHEBI:32599,CHEBI,EXACT_MATCH,8,,
MediaIngredientMech:000614,Magnesium sulfate heptahydrate,,MAPPED,CHEBI:31795,CHEBI,EXACT_MATCH,6,,
MediaIngredientMech:000418,Malachite green,,MAPPED,CHEBI:72449,CHEBI,EXACT_MATCH,18,,
MediaIngredientMech:000835,Malachite Green,,MAPPED,CHEBI:72449,CHEBI,EXACT_MATCH,2,,
MediaIngredientMech:000972,Malate,,MAPPED,CHEBI:25115,CHEBI,EXACT_MATCH,1,,
MediaIngredientMech:000610,Malic acid,,MAPPED,CHEBI:6650,CHEBI,EXACT_MATCH,6,,
MediaIngredientMech:001000,Malt extract agar,,MAPPED,CHEBI:2509,CHEBI,EXACT_MATCH,1,,
MediaIngredientMech:000224,Maltose,,MAPPED,CHEBI:17306,CHEBI,EXACT_MATCH,128,,
MediaIngredientMech:000916,maltose,,MAPPED,CHEBI:18167,CHEBI,EXACT_MATCH,2,,
MediaIngredientMech:000591,Maltose x H2O,,MAPPED,CHEBI:17306,CHEBI,EXACT_MATCH,6,,
MediaIngredientMech:000222,Manganese sulfate,,MAPPED,CHEBI:86364,CHEBI,EXACT_MATCH,134,,
MediaIngredientMech:000834,Manganese Sulfate,,MAPPED,CHEBI:86364,CHEBI,EXACT_MATCH,2,,
MediaIngredientMech:000308,Mannitol,,MAPPED,CHEBI:29864,CHEBI,EXACT_MATCH,49,,
MediaIngredientMech:001010,mannitol,,MAPPED,CHEBI:29864,CHEBI,EXACT_MATCH,1,,
MediaIngredientMech:000439,Marine agar 2216,,MAPPED,CHEBI:2509,CHEBI,EXACT_MATCH,16,,
MediaIngredientMech:000785,Melibiose,,MAPPED,CHEBI:28053,CHEBI,EXACT_MATCH,2,,
MediaIngredientMech:000533,Menadione,,MAPPED,CHEBI:28869,CHEBI,EXACT_MATCH,9,,
MediaIngredientMech:000903,menadione,,MAPPED,CHEBI:28869,CHEBI,EXACT_MATCH,2,,
MediaIngredientMech:000269,MES,,MAPPED,CHEBI:39010,CHEBI,EXACT_MATCH,71,,
MediaIngredientMech:000474,MES [2-(N-morpholino) ethane sulfonic acid],,MAPPED,CHEBI:39005,CHEBI,EXACT_MATCH,13,,
MediaIngredientMech:000942,MES acids,,MAPPED,CHEBI:39005,CHEBI,EXACT_MATCH,1,,
MediaIngredientMech:000208,Methanol,,MAPPED,CHEBI:17790,CHEBI,EXACT_MATCH,170,,
MediaIngredientMech:000618,methanol,,MAPPED,CHEBI:17790,CHEBI,EXACT_MATCH,5,,
MediaIngredientMech:000553,Methylamine,,MAPPED,CHEBI:16830,CHEBI,EXACT_MATCH,8,,
MediaIngredientMech:000546,Methylamine hydrochloride,,MAPPED,CHEBI:59337,CHEBI,EXACT_MATCH,8,,
MediaIngredientMech:001031,Methylamine-HCl,,MAPPED,CHEBI:64700,CHEBI,EXACT_MATCH,1,,
MediaIngredientMech:000751,Methylene blue,,MAPPED,CHEBI:6872,CHEBI,EXACT_MATCH,3,,
MediaIngredientMech:000655,Mg-citrate,,MAPPED,CHEBI:131389,CHEBI,EXACT_MATCH,4,,
MediaIngredientMech:000184,MgCl2,,MAPPED,CHEBI:6636,CHEBI,EXACT_MATCH,245,,
MediaIngredientMech:000419,MgCl2 x 2 H2O,,MAPPED,CHEBI:131394,CHEBI,EXACT_MATCH,18,,
MediaIngredientMech:000131,MgCl2 x 6 H2O,,MAPPED,CHEBI:86345,CHEBI,EXACT_MATCH,2018,,
MediaIngredientMech:000758,MgCl2 x 6H2O,,MAPPED,CHEBI:6636,CHEBI,EXACT_MATCH,3,,
MediaIngredientMech:000490,MgCl2 x 7 H2O,,MAPPED,CHEBI:6636,CHEBI,EXACT_MATCH,10,,
MediaIngredientMech:000879,MgCl2 x H2O,,MAPPED,CHEBI:86355,CHEBI,EXACT_MATCH,2,,
MediaIngredientMech:000601,MgCl2.6H2O,,MAPPED,CHEBI:86345,CHEBI,EXACT_MATCH,6,,
MediaIngredientMech:000663,MgCl2x 6 H2O,,MAPPED,CHEBI:6636,CHEBI,EXACT_MATCH,4,,
MediaIngredientMech:000199,MgCl2·6H2O,,MAPPED,CHEBI:86345,CHEBI,EXACT_MATCH,204,,
MediaIngredientMech:000225,MgSO4,,MAPPED,CHEBI:32599,CHEBI,EXACT_MATCH,131,,
MediaIngredientMech:000411,MgSO4 x 6 H2O,,MAPPED,CHEBI:32599,CHEBI,EXACT_MATCH,19,,
MediaIngredientMech:000990,MgSO4 x 6H2O,,MAPPED,CHEBI:32599,CHEBI,EXACT_MATCH,1,,
MediaIngredientMech:000118,MgSO4 x 7 H2O,,MAPPED,CHEBI:31795,CHEBI,EXACT_MATCH,3147,,
MediaIngredientMech:000815,MgSO4 x 7H2O,,MAPPED,CHEBI:32599,CHEBI,EXACT_MATCH,2,,
MediaIngredientMech:000609,MgSO4 x H2O,,MAPPED,CHEBI:32599,CHEBI,EXACT_MATCH,6,,
MediaIngredientMech:000380,MgSO4.7H2O,,MAPPED,CHEBI:31795,CHEBI,EXACT_MATCH,23,,
MediaIngredientMech:000931,MgSO47H2O,,MAPPED,CHEBI:31795,CHEBI,EXACT_MATCH,1,,
MediaIngredientMech:000739,MgSO4x7H2O,,MAPPED,CHEBI:31795,CHEBI,EXACT_MATCH,3,,
MediaIngredientMech:000167,MgSO4·7H2O,,MAPPED,CHEBI:32599,CHEBI,EXACT_MATCH,407,,
MediaIngredientMech:000893,MgSO4·H2O,,MAPPED,CHEBI:31795,CHEBI,EXACT_MATCH,2,,
MediaIngredientMech:000796,Middlebrook 7H10 agar,,MAPPED,CHEBI:2509,CHEBI,EXACT_MATCH,2,,
MediaIngredientMech:000127,MnCl2 x 4 H2O,,MAPPED,CHEBI:86368,CHEBI,EXACT_MATCH,2226,,
MediaIngredientMech:000867,MnO2,,MAPPED,CHEBI:136511,CHEBI,EXACT_MATCH,2,,
MediaIngredientMech:000343,MnSO4,,MAPPED,CHEBI:86360,CHEBI,EXACT_MATCH,36,,
MediaIngredientMech:000594,MnSO4 x 1 H2O,,MAPPED,CHEBI:86360,CHEBI,EXACT_MATCH,6,,
MediaIngredientMech:000436,MnSO4 x 2 H2O,,MAPPED,CHEBI:86356,CHEBI,EXACT_MATCH,16,,
MediaIngredientMech:000299,MnSO4 x 4 H2O,,MAPPED,CHEBI:86358,CHEBI,EXACT_MATCH,52,,
MediaIngredientMech:000382,MnSO4 x 5 H2O,,MAPPED,CHEBI:131524,CHEBI,EXACT_MATCH,23,,
MediaIngredientMech:000788,MnSO4 x 6 H2O,,MAPPED,CHEBI:131523,CHEBI,EXACT_MATCH,2,,
MediaIngredientMech:000605,MnSO4 x 7 H2O,,MAPPED,CHEBI:86360,CHEBI,EXACT_MATCH,6,,
MediaIngredientMech:000156,MnSO4 x H2O,,MAPPED,CHEBI:86364,CHEBI,EXACT_MATCH,801,,
MediaIngredientMech:000711,MnSO4.4H2O,,MAPPED,CHEBI:86358,CHEBI,EXACT_MATCH,4,,
MediaIngredientMech:000549,MnSO4·5H2O,,MAPPED,CHEBI:131524,CHEBI,EXACT_MATCH,8,,
MediaIngredientMech:000485,Monopotassium Phosphate,,MAPPED,CHEBI:63036,CHEBI,EXACT_MATCH,12,,
MediaIngredientMech:000748,Monopotassium phosphate,,MAPPED,CHEBI:63036,CHEBI,EXACT_MATCH,4,,
MediaIngredientMech:000559,Monosodium glutamate,,MAPPED,CHEBI:64220,CHEBI,EXACT_MATCH,7,,
MediaIngredientMech:001011,Monosodium Glutamate,,MAPPED,CHEBI:64220,CHEBI,EXACT_MATCH,1,,
MediaIngredientMech:000383,MoO3,,MAPPED,CHEBI:30627,CHEBI,EXACT_MATCH,23,,
MediaIngredientMech:000285,MOPS,,MAPPED,CHEBI:39074,CHEBI,EXACT_MATCH,62,,
MediaIngredientMech:000441,MOPS buffer,,MAPPED,CHEBI:44115,CHEBI,EXACT_MATCH,15,,
MediaIngredientMech:000652,Morpholinopropane sulfonic acid,,MAPPED,CHEBI:44115,CHEBI,EXACT_MATCH,4,,
MediaIngredientMech:001061,Morpholinopropane sulfonic acid ,,MAPPED,CHEBI:44115,CHEBI,EXACT_MATCH,1,,
MediaIngredientMech:001098,Mueller Hinton II agar,,MAPPED,CHEBI:2509,CHEBI,EXACT_MATCH,1,,
MediaIngredientMech:000410,myo-Inositol,,MAPPED,CHEBI:17268,CHEBI,EXACT_MATCH,18,,
MediaIngredientMech:000500,Myo-inositol,,MAPPED,CHEBI:17268,CHEBI,EXACT_MATCH,11,,
MediaIngredientMech:000966,N-(2-acetamido)-2-aminoethanesulfonic acid,,MAPPED,CHEBI:39060,CHEBI,EXACT_MATCH,1,,
MediaIngredientMech:000547,N-Acetyl-D-glucosamine,,MAPPED,CHEBI:8006,CHEBI,EXACT_MATCH,8,,
MediaIngredientMech:000994,N-acetyl-D-glucosamine,,MAPPED,CHEBI:8006,CHEBI,EXACT_MATCH,1,,
MediaIngredientMech:000347,N-Acetylglucosamine,,MAPPED,CHEBI:59640,CHEBI,EXACT_MATCH,33,,
MediaIngredientMech:000797,N-acetylglucosamine,,MAPPED,CHEBI:59640,CHEBI,EXACT_MATCH,2,,
MediaIngredientMech:000962,N-acetylmuramic acid,,MAPPED,CHEBI:47965,CHEBI,EXACT_MATCH,1,,
MediaIngredientMech:000471,n-Butyric acid,,MAPPED,CHEBI:30772,CHEBI,EXACT_MATCH,13,,
MediaIngredientMech:000896,n-Decane,,MAPPED,CHEBI:41808,CHEBI,EXACT_MATCH,2,,
MediaIngredientMech:000746,N-methylhydantoin,,MAPPED,CHEBI:16354,CHEBI,EXACT_MATCH,3,,
MediaIngredientMech:000353,n-Valeric acid,,MAPPED,CHEBI:17418,CHEBI,EXACT_MATCH,31,,
MediaIngredientMech:000398,Na acetate,,MAPPED,CHEBI:32954,CHEBI,EXACT_MATCH,21,,
MediaIngredientMech:000945,Na Acetate,,MAPPED,CHEBI:32954,CHEBI,EXACT_MATCH,1,,
MediaIngredientMech:000884,Na gluconate,,MAPPED,CHEBI:84997,CHEBI,EXACT_MATCH,2,,
MediaIngredientMech:000300,Na glutamate,,MAPPED,CHEBI:64220,CHEBI,EXACT_MATCH,51,,
MediaIngredientMech:000707,Na malate,,MAPPED,CHEBI:91261,CHEBI,EXACT_MATCH,4,,
MediaIngredientMech:000765,Na NO3,,MAPPED,CHEBI:63005,CHEBI,EXACT_MATCH,3,,
MediaIngredientMech:000477,Na pyruvate,,MAPPED,CHEBI:50144,CHEBI,EXACT_MATCH,12,,
MediaIngredientMech:001092,Na silicate,,MAPPED,CHEBI:60720,CHEBI,EXACT_MATCH,1,,
MediaIngredientMech:000741,Na-(DL)-lactate,,MAPPED,CHEBI:75228,CHEBI,EXACT_MATCH,3,,
MediaIngredientMech:000726,Na-(L)-lactate,,MAPPED,CHEBI:232798,CHEBI,EXACT_MATCH,3,,
MediaIngredientMech:000914,Na-3-hydroxybutyrate,,MAPPED,CHEBI:113373,CHEBI,EXACT_MATCH,2,,
MediaIngredientMech:000168,Na-acetate,,MAPPED,CHEBI:32954,CHEBI,EXACT_MATCH,424,,
MediaIngredientMech:001105,Na-Acetate,,MAPPED,CHEBI:32954,CHEBI,EXACT_MATCH,1,,
MediaIngredientMech:000642,Na-ampicillin,,MAPPED,CHEBI:34535,CHEBI,EXACT_MATCH,5,,
MediaIngredientMech:000454,Na-ascorbate,,MAPPED,CHEBI:113451,CHEBI,EXACT_MATCH,14,,
MediaIngredientMech:000379,Na-benzoate,,MAPPED,CHEBI:113455,CHEBI,EXACT_MATCH,24,,
MediaIngredientMech:000481,Na-butyrate,,MAPPED,CHEBI:64103,CHEBI,EXACT_MATCH,12,,
MediaIngredientMech:000631,Na-caproate,,MAPPED,CHEBI:114126,CHEBI,EXACT_MATCH,5,,
MediaIngredientMech:000595,Na-crotonate,,MAPPED,CHEBI:35899,CHEBI,EXACT_MATCH,6,,
MediaIngredientMech:000271,Na-DL-lactate,,MAPPED,CHEBI:75228,CHEBI,EXACT_MATCH,72,,
MediaIngredientMech:000679,Na-DL-malate,,MAPPED,CHEBI:91261,CHEBI,EXACT_MATCH,4,,
MediaIngredientMech:000273,Na-EDTA,,MAPPED,CHEBI:64734,CHEBI,EXACT_MATCH,68,,
MediaIngredientMech:000452,Na-EDTA x 2 H2O,,MAPPED,CHEBI:64734,CHEBI,EXACT_MATCH,14,,
MediaIngredientMech:000259,Na-formate,,MAPPED,CHEBI:62965,CHEBI,EXACT_MATCH,79,,
MediaIngredientMech:000641,Na-formiate,,MAPPED,CHEBI:62965,CHEBI,EXACT_MATCH,5,,
MediaIngredientMech:000509,Na-fumarate,,MAPPED,CHEBI:115156,CHEBI,EXACT_MATCH,10,,
MediaIngredientMech:001036,Na-gallate,,MAPPED,CHEBI:115197,CHEBI,EXACT_MATCH,1,,
MediaIngredientMech:000589,Na-gluconate,,MAPPED,CHEBI:84997,CHEBI,EXACT_MATCH,6,,
MediaIngredientMech:000886,Na-glutamate,,MAPPED,CHEBI:29988,CHEBI,EXACT_MATCH,2,,
MediaIngredientMech:000352,Na-L-lactate,,MAPPED,CHEBI:232798,CHEBI,EXACT_MATCH,31,,
MediaIngredientMech:001017,Na-L-Lactate,,MAPPED,CHEBI:232798,CHEBI,EXACT_MATCH,1,,
MediaIngredientMech:001030,Na-L-malate,,MAPPED,CHEBI:91261,CHEBI,EXACT_MATCH,1,,
MediaIngredientMech:000402,Na-lactate,,MAPPED,CHEBI:75228,CHEBI,EXACT_MATCH,20,,
MediaIngredientMech:000667,Na-laurate,,MAPPED,CHEBI:131839,CHEBI,EXACT_MATCH,4,,
MediaIngredientMech:000620,Na-malate,,MAPPED,CHEBI:91261,CHEBI,EXACT_MATCH,5,,
MediaIngredientMech:000888,Na-orotate,,MAPPED,CHEBI:132101,CHEBI,EXACT_MATCH,2,,
MediaIngredientMech:000883,Na-oxalate,,MAPPED,CHEBI:132764,CHEBI,EXACT_MATCH,2,,
MediaIngredientMech:000349,Na-propionate,,MAPPED,CHEBI:132106,CHEBI,EXACT_MATCH,32,,
MediaIngredientMech:000179,Na-pyruvate,,MAPPED,CHEBI:50144,CHEBI,EXACT_MATCH,277,,
MediaIngredientMech:000206,Na-silicate,,MAPPED,CHEBI:60720,CHEBI,EXACT_MATCH,181,,
MediaIngredientMech:000812,Na-stearate,,MAPPED,CHEBI:132109,CHEBI,EXACT_MATCH,2,,
MediaIngredientMech:000645,Na-tartrate,,MAPPED,CHEBI:30924,CHEBI,EXACT_MATCH,5,,
MediaIngredientMech:000267,Na-thioglycolate,,MAPPED,CHEBI:86481,CHEBI,EXACT_MATCH,74,,
MediaIngredientMech:000714,Na-thiosulfate,,MAPPED,CHEBI:132112,CHEBI,EXACT_MATCH,3,,
MediaIngredientMech:000820,Na-vanillate,,MAPPED,CHEBI:132748,CHEBI,EXACT_MATCH,2,,
MediaIngredientMech:000877,Na2 alpha-ketoglutarate,,MAPPED,CHEBI:16810,CHEBI,EXACT_MATCH,2,,
MediaIngredientMech:000413,Na2 MoO4 x 2 H2O,,MAPPED,CHEBI:75213,CHEBI,EXACT_MATCH,19,,
MediaIngredientMech:000794,Na2-citrate,,MAPPED,CHEBI:53258,CHEBI,EXACT_MATCH,2,,
MediaIngredientMech:000604,Na2-DL-malate,,MAPPED,CHEBI:91261,CHEBI,EXACT_MATCH,6,,
MediaIngredientMech:000176,Na2-EDTA,,MAPPED,CHEBI:64734,CHEBI,EXACT_MATCH,328,,
MediaIngredientMech:000249,Na2-EDTA x 2 H2O,,MAPPED,CHEBI:64734,CHEBI,EXACT_MATCH,89,,
MediaIngredientMech:000314,Na2-fumarate,,MAPPED,CHEBI:115156,CHEBI,EXACT_MATCH,46,,
MediaIngredientMech:000615,Na2-glutamate,,MAPPED,CHEBI:64220,CHEBI,EXACT_MATCH,5,,
MediaIngredientMech:000824,Na2-glyoxalate,,MAPPED,CHEBI:91251,CHEBI,EXACT_MATCH,2,,
MediaIngredientMech:000899,Na2-ß-glycerolphosphate,,MAPPED,CHEBI:132089,CHEBI,EXACT_MATCH,2,,
MediaIngredientMech:000554,Na2B4O7,,MAPPED,CHEBI:38892,CHEBI,EXACT_MATCH,8,,
MediaIngredientMech:000149,Na2CO3,,MAPPED,CHEBI:29377,CHEBI,EXACT_MATCH,1173,,
MediaIngredientMech:000290,Na2CO3 anhydrous,,MAPPED,CHEBI:29377,CHEBI,EXACT_MATCH,59,,
MediaIngredientMech:001065,Na2CO3-CO2 buffer,,MAPPED,CHEBI:29377,CHEBI,EXACT_MATCH,1,,
MediaIngredientMech:000790,Na2EDTA,,MAPPED,CHEBI:64734,CHEBI,EXACT_MATCH,2,,
MediaIngredientMech:000572,Na2EDTA·2H2O,,MAPPED,CHEBI:64758,CHEBI,EXACT_MATCH,7,,
MediaIngredientMech:000499,Na2HAsO4 x 7 H2O,,MAPPED,CHEBI:91257,CHEBI,EXACT_MATCH,11,,
MediaIngredientMech:000159,Na2HPO4,,MAPPED,CHEBI:34683,CHEBI,EXACT_MATCH,609,,
MediaIngredientMech:000236,Na2HPO4 x 12 H2O,,MAPPED,CHEBI:34683,CHEBI,EXACT_MATCH,110,,
MediaIngredientMech:000192,Na2HPO4 x 2 H2O,,MAPPED,CHEBI:34683,CHEBI,EXACT_MATCH,226,,
MediaIngredientMech:000777,Na2HPO4 x 3 H2O,,MAPPED,CHEBI:34683,CHEBI,EXACT_MATCH,3,,
MediaIngredientMech:000807,Na2HPO4 x 6 H2O,,MAPPED,CHEBI:34683,CHEBI,EXACT_MATCH,2,,
MediaIngredientMech:000422,Na2HPO4 x 7 H2O,,MAPPED,CHEBI:34683,CHEBI,EXACT_MATCH,17,,
MediaIngredientMech:000494,Na2HPO4 x H2O,,MAPPED,CHEBI:34683,CHEBI,EXACT_MATCH,11,,
MediaIngredientMech:000644,Na2HPO4·2H2O,,MAPPED,CHEBI:34683,CHEBI,EXACT_MATCH,5,,
MediaIngredientMech:000330,Na2MoO4,,MAPPED,CHEBI:75215,CHEBI,EXACT_MATCH,41,,
MediaIngredientMech:000120,Na2MoO4 x 2 H2O,,MAPPED,CHEBI:75213,CHEBI,EXACT_MATCH,2934,,
MediaIngredientMech:000818,Na2MoO4 x 2H2O,,MAPPED,CHEBI:75215,CHEBI,EXACT_MATCH,2,,
MediaIngredientMech:000696,Na2MoO4 x 7 H2O,,MAPPED,CHEBI:86473,CHEBI,EXACT_MATCH,4,,
MediaIngredientMech:000819,Na2MoO4 x H2O,,MAPPED,CHEBI:75215,CHEBI,EXACT_MATCH,2,,
MediaIngredientMech:001006,Na2MoO4-2H2O,,MAPPED,CHEBI:75213,CHEBI,EXACT_MATCH,1,,
MediaIngredientMech:000498,Na2MoO4.2H2O,,MAPPED,CHEBI:75213,CHEBI,EXACT_MATCH,11,,
MediaIngredientMech:000183,Na2MoO4·2H2O,,MAPPED,CHEBI:75215,CHEBI,EXACT_MATCH,253,,
MediaIngredientMech:000616,Na2MoSO4 x 2 H2O,,MAPPED,CHEBI:75213,CHEBI,EXACT_MATCH,5,,
MediaIngredientMech:000358,Na2S,,MAPPED,CHEBI:76208,CHEBI,EXACT_MATCH,27,,
MediaIngredientMech:000140,Na2S x 9 H2O,,MAPPED,CHEBI:76209,CHEBI,EXACT_MATCH,1578,,
MediaIngredientMech:000783,Na2S x H2O,,MAPPED,CHEBI:76208,CHEBI,EXACT_MATCH,3,,
MediaIngredientMech:000321,Na2S2O3,,MAPPED,CHEBI:59168,CHEBI,EXACT_MATCH,43,,
MediaIngredientMech:000172,Na2S2O3 x 5 H2O,,MAPPED,CHEBI:32150,CHEBI,EXACT_MATCH,393,,
MediaIngredientMech:000328,Na2S2O3·5H2O,,MAPPED,CHEBI:32150,CHEBI,EXACT_MATCH,42,,
MediaIngredientMech:000376,Na2S2O4,,MAPPED,CHEBI:61278,CHEBI,EXACT_MATCH,25,,
MediaIngredientMech:000651,Na2S2O5,,MAPPED,CHEBI:114786,CHEBI,EXACT_MATCH,4,,
MediaIngredientMech:000239,Na2SeO3,,MAPPED,CHEBI:48843,CHEBI,EXACT_MATCH,109,,
MediaIngredientMech:000144,Na2SeO3 x 5 H2O,,MAPPED,CHEBI:131361,CHEBI,EXACT_MATCH,1274,,
MediaIngredientMech:000315,Na2SeO3·5H2O,,MAPPED,CHEBI:48843,CHEBI,EXACT_MATCH,44,,
MediaIngredientMech:000198,Na2SeO4,,MAPPED,CHEBI:59160,CHEBI,EXACT_MATCH,211,,
MediaIngredientMech:000444,Na2SiO3 x 9 H2O,,MAPPED,CHEBI:132108,CHEBI,EXACT_MATCH,14,,
MediaIngredientMech:000856,Na2SiO3·9H2O,,MAPPED,CHEBI:132108,CHEBI,EXACT_MATCH,2,,
MediaIngredientMech:000440,Na2SO3,,MAPPED,CHEBI:86477,CHEBI,EXACT_MATCH,15,,
MediaIngredientMech:000993,Na2SO3 x 5 H2O,,MAPPED,CHEBI:86477,CHEBI,EXACT_MATCH,1,,
MediaIngredientMech:000154,Na2SO4,,MAPPED,CHEBI:32149,CHEBI,EXACT_MATCH,899,,
MediaIngredientMech:000700,Na2SO4 x 10 H2O,,MAPPED,CHEBI:32586,CHEBI,EXACT_MATCH,4,,
MediaIngredientMech:000216,Na2S·9H2O,,MAPPED,CHEBI:76209,CHEBI,EXACT_MATCH,144,,
MediaIngredientMech:000240,Na2WO4,,MAPPED,CHEBI:63940,CHEBI,EXACT_MATCH,108,,
MediaIngredientMech:000146,Na2WO4 x 2 H2O,,MAPPED,CHEBI:63939,CHEBI,EXACT_MATCH,1274,,
MediaIngredientMech:000309,Na2WO4·2H2O,,MAPPED,CHEBI:63939,CHEBI,EXACT_MATCH,48,,
MediaIngredientMech:000324,Na3-citrate,,MAPPED,CHEBI:53258,CHEBI,EXACT_MATCH,42,,
MediaIngredientMech:000489,Na3-citrate x 2 H2O,,MAPPED,CHEBI:32142,CHEBI,EXACT_MATCH,11,,
MediaIngredientMech:000377,Na3-EDTA,,MAPPED,CHEBI:63125,CHEBI,EXACT_MATCH,17,,
MediaIngredientMech:001066,Na3VO4,,MAPPED,CHEBI:35607,CHEBI,EXACT_MATCH,1,,
MediaIngredientMech:000189,NaBr,,MAPPED,CHEBI:63004,CHEBI,EXACT_MATCH,232,,
MediaIngredientMech:000113,NaCl,,MAPPED,CHEBI:26710,CHEBI,EXACT_MATCH,5067,,
MediaIngredientMech:000977,NaCL,,MAPPED,CHEBI:26710,CHEBI,EXACT_MATCH,1,,
MediaIngredientMech:000497,NaClO3,,MAPPED,CHEBI:65242,CHEBI,EXACT_MATCH,11,,
MediaIngredientMech:000638,NaCO3,,MAPPED,CHEBI:29377,CHEBI,EXACT_MATCH,5,,
MediaIngredientMech:000182,NaF,,MAPPED,CHEBI:28741,CHEBI,EXACT_MATCH,260,,
MediaIngredientMech:000295,NaH2PO4,,MAPPED,CHEBI:37585,CHEBI,EXACT_MATCH,55,,
MediaIngredientMech:000360,NaH2PO4 x 2 H2O,,MAPPED,CHEBI:37585,CHEBI,EXACT_MATCH,29,,
MediaIngredientMech:000991,NaH2PO4 x 2H2O,,MAPPED,CHEBI:37585,CHEBI,EXACT_MATCH,1,,
MediaIngredientMech:000393,NaH2PO4 x H2O,,MAPPED,CHEBI:37585,CHEBI,EXACT_MATCH,21,,
MediaIngredientMech:000129,NaHCO3,,MAPPED,CHEBI:32139,CHEBI,EXACT_MATCH,2108,,
MediaIngredientMech:000838,NaHSO3,,MAPPED,CHEBI:26709,CHEBI,EXACT_MATCH,2,,
MediaIngredientMech:000387,NaNO2,,MAPPED,CHEBI:78870,CHEBI,EXACT_MATCH,23,,
MediaIngredientMech:000171,NaNO3,,MAPPED,CHEBI:59148,CHEBI,EXACT_MATCH,388,,
MediaIngredientMech:000148,NaOH,,MAPPED,CHEBI:32145,CHEBI,EXACT_MATCH,1106,,
MediaIngredientMech:000762,Naphthalene,,MAPPED,CHEBI:16482,CHEBI,EXACT_MATCH,3,,
MediaIngredientMech:000878,NaS2O3,,MAPPED,CHEBI:132112,CHEBI,EXACT_MATCH,2,,
MediaIngredientMech:000532,NaS2O3 x 5 H2O,,MAPPED,CHEBI:32150,CHEBI,EXACT_MATCH,9,,
MediaIngredientMech:000648,NaSO4,,MAPPED,CHEBI:32149,CHEBI,EXACT_MATCH,4,,
MediaIngredientMech:000637,NaVO3,,MAPPED,CHEBI:75221,CHEBI,EXACT_MATCH,5,,
MediaIngredientMech:000455,NaVO3 x H2O,,MAPPED,CHEBI:132095,CHEBI,EXACT_MATCH,14,,
MediaIngredientMech:000792,NaVO3 x n H2O,,MAPPED,CHEBI:132095,CHEBI,EXACT_MATCH,2,,
MediaIngredientMech:000860,NH4-oxalate,,MAPPED,CHEBI:91241,CHEBI,EXACT_MATCH,2,,
MediaIngredientMech:000121,NH4Cl,,MAPPED,CHEBI:31206,CHEBI,EXACT_MATCH,2940,,
MediaIngredientMech:000515,NH4H2PO4,,MAPPED,CHEBI:62982,CHEBI,EXACT_MATCH,10,,
MediaIngredientMech:000412,NH4HCO3,,MAPPED,CHEBI:184335,CHEBI,EXACT_MATCH,19,,
MediaIngredientMech:000287,NH4NO3,,MAPPED,CHEBI:63038,CHEBI,EXACT_MATCH,61,,
MediaIngredientMech:000428,Niacin,,MAPPED,CHEBI:15940,CHEBI,EXACT_MATCH,17,,
MediaIngredientMech:001091,niacin,,MAPPED,CHEBI:15940,CHEBI,EXACT_MATCH,1,,
MediaIngredientMech:000766,Niacinamide,,MAPPED,CHEBI:17154,CHEBI,EXACT_MATCH,3,,
MediaIngredientMech:000548,NiCl2,,MAPPED,CHEBI:34887,CHEBI,EXACT_MATCH,8,,
MediaIngredientMech:000461,NiCl2 x 2 H2O,,MAPPED,CHEBI:34887,CHEBI,EXACT_MATCH,12,,
MediaIngredientMech:001019,NiCl2 x 5 H2O,,MAPPED,CHEBI:34887,CHEBI,EXACT_MATCH,1,,
MediaIngredientMech:000124,NiCl2 x 6 H2O,,MAPPED,CHEBI:34887,CHEBI,EXACT_MATCH,2543,,
MediaIngredientMech:001100,NiCl2 x 6 H2O (0.1% w/v),,MAPPED,CHEBI:34887,CHEBI,EXACT_MATCH,1,,
MediaIngredientMech:000928,NiCl2 x H2O,,MAPPED,CHEBI:34887,CHEBI,EXACT_MATCH,1,,
MediaIngredientMech:000202,NiCl2·6H2O,,MAPPED,CHEBI:34887,CHEBI,EXACT_MATCH,200,,
MediaIngredientMech:000241,Nicotinamide,,MAPPED,CHEBI:17154,CHEBI,EXACT_MATCH,107,,
MediaIngredientMech:000950,nicotinamide,,MAPPED,CHEBI:17154,CHEBI,EXACT_MATCH,1,,
MediaIngredientMech:000132,Nicotinic acid,,MAPPED,CHEBI:15940,CHEBI,EXACT_MATCH,1943,,
MediaIngredientMech:000730,Nicotinic Acid,,MAPPED,CHEBI:15940,CHEBI,EXACT_MATCH,3,,
MediaIngredientMech:000539,Nicotinic acid amide,,MAPPED,CHEBI:17154,CHEBI,EXACT_MATCH,8,,
MediaIngredientMech:000375,NiSO4 x 6 H2O,,MAPPED,CHEBI:53001,CHEBI,EXACT_MATCH,25,,
MediaIngredientMech:000599,NiSO4 x 7 H2O,,MAPPED,CHEBI:53001,CHEBI,EXACT_MATCH,6,,
MediaIngredientMech:000512,Nitrilotriacetate,,MAPPED,CHEBI:25548,CHEBI,EXACT_MATCH,10,,
MediaIngredientMech:000151,Nitrilotriacetic acid,,MAPPED,CHEBI:44557,CHEBI,EXACT_MATCH,1025,,
MediaIngredientMech:001015,Nitrilotriacetic Acid,,MAPPED,CHEBI:44557,CHEBI,EXACT_MATCH,1,,
MediaIngredientMech:001041,nitrilotriacetic acid,,MAPPED,CHEBI:44557,CHEBI,EXACT_MATCH,1,,
MediaIngredientMech:000233,Nitrilotriacetic acid (NTA),,MAPPED,CHEBI:44557,CHEBI,EXACT_MATCH,116,,
MediaIngredientMech:001042,"Nitrilotriacetic acid, trisodium salt",,MAPPED,CHEBI:132766,CHEBI,EXACT_MATCH,1,,
MediaIngredientMech:000771,NTA,,MAPPED,CHEBI:39054,CHEBI,EXACT_MATCH,3,,
MediaIngredientMech:000921,Oatmeal agar,,MAPPED,CHEBI:2509,CHEBI,EXACT_MATCH,2,,
MediaIngredientMech:000469,Oleic acid,,MAPPED,CHEBI:16196,CHEBI,EXACT_MATCH,13,,
MediaIngredientMech:001012,Oleic Acid,,MAPPED,CHEBI:16196,CHEBI,EXACT_MATCH,1,,
MediaIngredientMech:000336,p-Aminobenzoate,,MAPPED,CHEBI:17836,CHEBI,EXACT_MATCH,39,,
MediaIngredientMech:000134,p-Aminobenzoic acid,,MAPPED,CHEBI:30753,CHEBI,EXACT_MATCH,1881,,
MediaIngredientMech:000556,p-aminobenzoic acid,,MAPPED,CHEBI:30753,CHEBI,EXACT_MATCH,8,,
MediaIngredientMech:000729,p-Aminobenzoic Acid,,MAPPED,CHEBI:30753,CHEBI,EXACT_MATCH,3,,
MediaIngredientMech:000881,p-Hydroxybenzoate,,MAPPED,CHEBI:17879,CHEBI,EXACT_MATCH,2,,
MediaIngredientMech:000460,PABA,,MAPPED,CHEBI:30753,CHEBI,EXACT_MATCH,13,,
MediaIngredientMech:000356,Pantothenate,,MAPPED,CHEBI:16454,CHEBI,EXACT_MATCH,31,,
MediaIngredientMech:000242,Pantothenic acid,,MAPPED,CHEBI:7916,CHEBI,EXACT_MATCH,106,,
MediaIngredientMech:000502,Para-aminobenzoic acid,,MAPPED,CHEBI:30753,CHEBI,EXACT_MATCH,11,,
MediaIngredientMech:000531,Pectin,,MAPPED,CHEBI:17309,CHEBI,EXACT_MATCH,9,,
MediaIngredientMech:000763,Penicillin,,MAPPED,CHEBI:17334,CHEBI,EXACT_MATCH,3,,
MediaIngredientMech:001085,penicillin,,MAPPED,CHEBI:17334,CHEBI,EXACT_MATCH,1,,
MediaIngredientMech:000647,Phenol,,MAPPED,CHEBI:15882,CHEBI,EXACT_MATCH,5,,
MediaIngredientMech:000245,Phenol red,,MAPPED,CHEBI:31991,CHEBI,EXACT_MATCH,93,,
MediaIngredientMech:000802,Phenol Red,,MAPPED,CHEBI:31991,CHEBI,EXACT_MATCH,2,,
MediaIngredientMech:001075,phenol red,,MAPPED,CHEBI:31991,CHEBI,EXACT_MATCH,1,,
MediaIngredientMech:000688,Phenyl acetic acid,,MAPPED,CHEBI:103822,CHEBI,EXACT_MATCH,4,,
MediaIngredientMech:000689,Phenyl propionic acid,,MAPPED,CHEBI:501520,CHEBI,EXACT_MATCH,4,,
MediaIngredientMech:000276,PIPES,,MAPPED,CHEBI:39033,CHEBI,EXACT_MATCH,69,,
MediaIngredientMech:000809,Poly(3-hydroxybutyrate),,MAPPED,CHEBI:53389,CHEBI,EXACT_MATCH,2,,
MediaIngredientMech:000918,Potassium acetate,,MAPPED,CHEBI:32029,CHEBI,EXACT_MATCH,2,,
MediaIngredientMech:000230,Potassium chloride,,MAPPED,CHEBI:32588,CHEBI,EXACT_MATCH,119,,
MediaIngredientMech:000829,Potassium Chloride,,MAPPED,CHEBI:32588,CHEBI,EXACT_MATCH,2,,
MediaIngredientMech:000858,potassium chloride,,MAPPED,CHEBI:32588,CHEBI,EXACT_MATCH,2,,
MediaIngredientMech:000505,Potassium iodide,,MAPPED,CHEBI:8346,CHEBI,EXACT_MATCH,10,,
MediaIngredientMech:000630,Potassium Phosphate,,MAPPED,CHEBI:63036,CHEBI,EXACT_MATCH,5,,
MediaIngredientMech:001076,Potassium tetrathionate,,MAPPED,CHEBI:86466,CHEBI,EXACT_MATCH,1,,
MediaIngredientMech:000396,Proline,,MAPPED,CHEBI:26271,CHEBI,EXACT_MATCH,21,,
MediaIngredientMech:000366,Propionic acid,,MAPPED,CHEBI:30768,CHEBI,EXACT_MATCH,26,,
MediaIngredientMech:000872,Pullulan,,MAPPED,CHEBI:27941,CHEBI,EXACT_MATCH,2,,
MediaIngredientMech:000628,Putrescine,,MAPPED,CHEBI:17148,CHEBI,EXACT_MATCH,5,,
MediaIngredientMech:000417,Pyridoxal hydrochloride,,MAPPED,CHEBI:131529,CHEBI,EXACT_MATCH,18,,
MediaIngredientMech:000565,Pyridoxal phosphate,,MAPPED,CHEBI:18405,CHEBI,EXACT_MATCH,7,,
MediaIngredientMech:000307,Pyridoxamine,,MAPPED,CHEBI:16410,CHEBI,EXACT_MATCH,49,,
MediaIngredientMech:001024,pyridoxamine,,MAPPED,CHEBI:16410,CHEBI,EXACT_MATCH,1,,
MediaIngredientMech:000683,Pyridoxamine Dihydrochloride,,MAPPED,CHEBI:131532,CHEBI,EXACT_MATCH,4,,
MediaIngredientMech:000690,Pyridoxamine dihydrochloride,,MAPPED,CHEBI:131532,CHEBI,EXACT_MATCH,4,,
MediaIngredientMech:000246,Pyridoxamine hydrochloride,,MAPPED,CHEBI:131531,CHEBI,EXACT_MATCH,92,,
MediaIngredientMech:000646,Pyridoxamine-HCl,,MAPPED,CHEBI:131531,CHEBI,EXACT_MATCH,5,,
MediaIngredientMech:001079,pyridoxamine-HCl,,MAPPED,CHEBI:131531,CHEBI,EXACT_MATCH,1,,
MediaIngredientMech:000317,Pyridoxine,,MAPPED,CHEBI:16709,CHEBI,EXACT_MATCH,45,,
MediaIngredientMech:000235,Pyridoxine HCl,,MAPPED,CHEBI:131531,CHEBI,EXACT_MATCH,112,,
MediaIngredientMech:000139,Pyridoxine hydrochloride,,MAPPED,CHEBI:30961,CHEBI,EXACT_MATCH,1597,,
MediaIngredientMech:001016,Pyridoxine Hydrochloride,,MAPPED,CHEBI:30961,CHEBI,EXACT_MATCH,1,,
MediaIngredientMech:000203,Pyridoxine-HCl,,MAPPED,CHEBI:131531,CHEBI,EXACT_MATCH,197,,
MediaIngredientMech:001090,pyridoxine-HCl,,MAPPED,CHEBI:131531,CHEBI,EXACT_MATCH,1,,
MediaIngredientMech:000703,Pyridoxine·HCl,,MAPPED,CHEBI:131531,CHEBI,EXACT_MATCH,4,,
MediaIngredientMech:000665,Pyrocatechol,,MAPPED,CHEBI:18135,CHEBI,EXACT_MATCH,4,,
MediaIngredientMech:000367,Pyruvate,,MAPPED,CHEBI:15361,CHEBI,EXACT_MATCH,26,,
MediaIngredientMech:000680,Pyruvic acid,,MAPPED,CHEBI:32816,CHEBI,EXACT_MATCH,4,,
MediaIngredientMech:000399,Pyruvic acid sodium salt,,MAPPED,CHEBI:113246,CHEBI,EXACT_MATCH,19,,
MediaIngredientMech:000544,Quinic acid,,MAPPED,CHEBI:26493,CHEBI,EXACT_MATCH,8,,
MediaIngredientMech:000693,R agar,,MAPPED,CHEBI:2509,CHEBI,EXACT_MATCH,4,,
MediaIngredientMech:000543,R2A agar,,MAPPED,CHEBI:2509,CHEBI,EXACT_MATCH,8,,
MediaIngredientMech:000613,Raffinose,,MAPPED,CHEBI:16634,CHEBI,EXACT_MATCH,6,,
MediaIngredientMech:000143,Resazurin,,MAPPED,CHEBI:8806,CHEBI,EXACT_MATCH,1305,,
MediaIngredientMech:000813,resazurin,,MAPPED,CHEBI:8806,CHEBI,EXACT_MATCH,2,,
MediaIngredientMech:000136,Riboflavin,,MAPPED,CHEBI:17015,CHEBI,EXACT_MATCH,1802,,
MediaIngredientMech:000949,riboflavin,,MAPPED,CHEBI:17015,CHEBI,EXACT_MATCH,1,,
MediaIngredientMech:000345,Riboflavine,,MAPPED,CHEBI:17015,CHEBI,EXACT_MATCH,34,,
MediaIngredientMech:000672,Ribose,,MAPPED,CHEBI:33942,CHEBI,EXACT_MATCH,4,,
MediaIngredientMech:000912,Rifampicin,,MAPPED,CHEBI:28077,CHEBI,EXACT_MATCH,2,,
MediaIngredientMech:000678,SiO2,,MAPPED,CHEBI:30563,CHEBI,EXACT_MATCH,4,,
MediaIngredientMech:000849,SnCl2 x 2 H2O,,MAPPED,CHEBI:78074,CHEBI,EXACT_MATCH,2,,
MediaIngredientMech:000905,SnCl2·2H2O,,MAPPED,CHEBI:78074,CHEBI,EXACT_MATCH,2,,
MediaIngredientMech:000175,Sodium acetate,,MAPPED,CHEBI:32954,CHEBI,EXACT_MATCH,345,,
MediaIngredientMech:000552,sodium acetate,,MAPPED,CHEBI:32954,CHEBI,EXACT_MATCH,8,,
MediaIngredientMech:000670,Sodium Acetate,,MAPPED,CHEBI:32954,CHEBI,EXACT_MATCH,4,,
MediaIngredientMech:000585,Sodium acetate trihydrate,,MAPPED,CHEBI:32138,CHEBI,EXACT_MATCH,6,,
MediaIngredientMech:000873,Sodium acetate·3H2O,,MAPPED,CHEBI:32954,CHEBI,EXACT_MATCH,2,,
MediaIngredientMech:000721,Sodium alginate,,MAPPED,CHEBI:53311,CHEBI,EXACT_MATCH,3,,
MediaIngredientMech:000514,Sodium ascorbate,,MAPPED,CHEBI:113451,CHEBI,EXACT_MATCH,10,,
MediaIngredientMech:000887,sodium ascorbate,,MAPPED,CHEBI:113451,CHEBI,EXACT_MATCH,2,,
MediaIngredientMech:001044,Sodium Ascorbate,,MAPPED,CHEBI:113451,CHEBI,EXACT_MATCH,1,,
MediaIngredientMech:000520,Sodium benzoate,,MAPPED,CHEBI:113455,CHEBI,EXACT_MATCH,10,,
MediaIngredientMech:000810,sodium benzoate,,MAPPED,CHEBI:113455,CHEBI,EXACT_MATCH,2,,
MediaIngredientMech:000486,Sodium beta-glycerophosphate,,MAPPED,CHEBI:132089,CHEBI,EXACT_MATCH,12,,
MediaIngredientMech:000255,Sodium bicarbonate,,MAPPED,CHEBI:32139,CHEBI,EXACT_MATCH,81,,
MediaIngredientMech:000768,sodium bicarbonate,,MAPPED,CHEBI:32139,CHEBI,EXACT_MATCH,3,,
MediaIngredientMech:000830,Sodium Bicarbonate,,MAPPED,CHEBI:32139,CHEBI,EXACT_MATCH,2,,
MediaIngredientMech:000529,Sodium butyrate,,MAPPED,CHEBI:64103,CHEBI,EXACT_MATCH,9,,
MediaIngredientMech:000801,Sodium caproate,,MAPPED,CHEBI:114126,CHEBI,EXACT_MATCH,2,,
MediaIngredientMech:000475,Sodium carbonate,,MAPPED,CHEBI:29377,CHEBI,EXACT_MATCH,12,,
MediaIngredientMech:000659,Sodium Carbonate,,MAPPED,CHEBI:29377,CHEBI,EXACT_MATCH,4,,
MediaIngredientMech:000187,Sodium chloride,,MAPPED,CHEBI:26710,CHEBI,EXACT_MATCH,242,,
MediaIngredientMech:000405,Sodium Chloride,,MAPPED,CHEBI:26710,CHEBI,EXACT_MATCH,20,,
MediaIngredientMech:001035,sodium chloride,,MAPPED,CHEBI:26710,CHEBI,EXACT_MATCH,1,,
MediaIngredientMech:000253,Sodium citrate,,MAPPED,CHEBI:53258,CHEBI,EXACT_MATCH,81,,
MediaIngredientMech:000518,Sodium Citrate,,MAPPED,CHEBI:32142,CHEBI,EXACT_MATCH,10,,
MediaIngredientMech:001053,sodium citrate,,MAPPED,CHEBI:32142,CHEBI,EXACT_MATCH,1,,
MediaIngredientMech:000719,Sodium citrate dihydrate,,MAPPED,CHEBI:32142,CHEBI,EXACT_MATCH,3,,
MediaIngredientMech:000117,Sodium dihydrogen phosphate,,MAPPED,CHEBI:37583,CHEBI,EXACT_MATCH,1,,
MediaIngredientMech:000496,Sodium dithionite,,MAPPED,CHEBI:66870,CHEBI,EXACT_MATCH,11,,
MediaIngredientMech:000733,Sodium DL-lactate,,MAPPED,CHEBI:75228,CHEBI,EXACT_MATCH,3,,
MediaIngredientMech:000524,Sodium DL-malate,,MAPPED,CHEBI:91261,CHEBI,EXACT_MATCH,9,,
MediaIngredientMech:000297,Sodium formate,,MAPPED,CHEBI:62965,CHEBI,EXACT_MATCH,54,,
MediaIngredientMech:000653,sodium formate,,MAPPED,CHEBI:62965,CHEBI,EXACT_MATCH,4,,
MediaIngredientMech:000985,Sodium Formate,,MAPPED,CHEBI:62965,CHEBI,EXACT_MATCH,1,,
MediaIngredientMech:000391,Sodium fumarate,,MAPPED,CHEBI:115156,CHEBI,EXACT_MATCH,22,,
MediaIngredientMech:000656,sodium fumarate,,MAPPED,CHEBI:115156,CHEBI,EXACT_MATCH,4,,
MediaIngredientMech:000598,Sodium gluconate,,MAPPED,CHEBI:84997,CHEBI,EXACT_MATCH,6,,
MediaIngredientMech:001052,sodium gluconate,,MAPPED,CHEBI:84997,CHEBI,EXACT_MATCH,1,,
MediaIngredientMech:000319,Sodium glutamate,,MAPPED,CHEBI:64220,CHEBI,EXACT_MATCH,44,,
MediaIngredientMech:000432,Sodium Glutamate,,MAPPED,CHEBI:64220,CHEBI,EXACT_MATCH,16,,
MediaIngredientMech:000493,Sodium glutamate monohydrate,,MAPPED,CHEBI:64243,CHEBI,EXACT_MATCH,11,,
MediaIngredientMech:000540,Sodium L-lactate,,MAPPED,CHEBI:867561,CHEBI,EXACT_MATCH,8,,
MediaIngredientMech:000875,Sodium L-malate,,MAPPED,CHEBI:91261,CHEBI,EXACT_MATCH,2,,
MediaIngredientMech:000252,Sodium lactate,,MAPPED,CHEBI:75228,CHEBI,EXACT_MATCH,82,,
MediaIngredientMech:000954,sodium lactate,,MAPPED,CHEBI:75228,CHEBI,EXACT_MATCH,1,,
MediaIngredientMech:001047,Sodium Lactate,,MAPPED,CHEBI:75228,CHEBI,EXACT_MATCH,1,,
MediaIngredientMech:000450,Sodium malate,,MAPPED,CHEBI:91261,CHEBI,EXACT_MATCH,14,,
MediaIngredientMech:000901,Sodium maleate,,MAPPED,CHEBI:91263,CHEBI,EXACT_MATCH,2,,
MediaIngredientMech:000388,Sodium nitrate,,MAPPED,CHEBI:63005,CHEBI,EXACT_MATCH,22,,
MediaIngredientMech:000724,Sodium octanoate,,MAPPED,CHEBI:132100,CHEBI,EXACT_MATCH,3,,
MediaIngredientMech:000814,Sodium oleate,,MAPPED,CHEBI:81860,CHEBI,EXACT_MATCH,2,,
MediaIngredientMech:000919,Sodium palmitate,,MAPPED,CHEBI:234557,CHEBI,EXACT_MATCH,2,,
MediaIngredientMech:000866,Sodium perchlorate,,MAPPED,CHEBI:132103,CHEBI,EXACT_MATCH,2,,
MediaIngredientMech:000713,Sodium propionate,,MAPPED,CHEBI:132106,CHEBI,EXACT_MATCH,3,,
MediaIngredientMech:000934,sodium propionate,,MAPPED,CHEBI:132106,CHEBI,EXACT_MATCH,1,,
MediaIngredientMech:000786,Sodium pyrophosphate,,MAPPED,CHEBI:71240,CHEBI,EXACT_MATCH,2,,
MediaIngredientMech:000185,Sodium pyruvate,,MAPPED,CHEBI:50144,CHEBI,EXACT_MATCH,247,,
MediaIngredientMech:000488,sodium pyruvate,,MAPPED,CHEBI:50144,CHEBI,EXACT_MATCH,12,,
MediaIngredientMech:001060,Sodium Pyruvate,,MAPPED,CHEBI:50144,CHEBI,EXACT_MATCH,1,,
MediaIngredientMech:000574,Sodium silicate,,MAPPED,CHEBI:60720,CHEBI,EXACT_MATCH,7,,
MediaIngredientMech:000584,sodium silicate,,MAPPED,CHEBI:60720,CHEBI,EXACT_MATCH,6,,
MediaIngredientMech:000833,Sodium Silicate,,MAPPED,CHEBI:60720,CHEBI,EXACT_MATCH,2,,
MediaIngredientMech:000262,Sodium succinate,,MAPPED,CHEBI:63675,CHEBI,EXACT_MATCH,76,,
MediaIngredientMech:000507,Sodium Succinate,,MAPPED,CHEBI:63675,CHEBI,EXACT_MATCH,10,,
MediaIngredientMech:001088,sodium succinate,,MAPPED,CHEBI:63675,CHEBI,EXACT_MATCH,1,,
MediaIngredientMech:000784,Sodium succinate dibasic,,MAPPED,CHEBI:150903,CHEBI,EXACT_MATCH,3,,
MediaIngredientMech:000118,Sodium sulfate,,MAPPED,CHEBI:32149,CHEBI,EXACT_MATCH,1,,
MediaIngredientMech:000119,Sodium sulfide,,MAPPED,CHEBI:85357,CHEBI,EXACT_MATCH,1,,
MediaIngredientMech:000120,Sodium sulfide nonahydrate,,MAPPED,CHEBI:85357,CHEBI,EXACT_MATCH,1,,
MediaIngredientMech:000988,Sodium sulfite,,MAPPED,CHEBI:86477,CHEBI,EXACT_MATCH,1,,
MediaIngredientMech:000449,Sodium tartrate,,MAPPED,CHEBI:63017,CHEBI,EXACT_MATCH,15,,
MediaIngredientMech:000331,Sodium thioglycolate,,MAPPED,CHEBI:86481,CHEBI,EXACT_MATCH,41,,
MediaIngredientMech:000569,Sodium thioglycollate,,MAPPED,CHEBI:86481,CHEBI,EXACT_MATCH,7,,
MediaIngredientMech:000446,Sodium Thiosulfate,,MAPPED,CHEBI:132112,CHEBI,EXACT_MATCH,15,,
MediaIngredientMech:000882,Sodium thiosulfate,,MAPPED,CHEBI:132112,CHEBI,EXACT_MATCH,2,,
MediaIngredientMech:001001,sodium thiosulfate,,MAPPED,CHEBI:132112,CHEBI,EXACT_MATCH,1,,
MediaIngredientMech:000492,Sodium thiosulfate pentahydrate,,MAPPED,CHEBI:32150,CHEBI,EXACT_MATCH,11,,
MediaIngredientMech:000669,Sodium thiosulphate,,MAPPED,CHEBI:132112,CHEBI,EXACT_MATCH,4,,
MediaIngredientMech:000447,Sorbitol,,MAPPED,CHEBI:30911,CHEBI,EXACT_MATCH,15,,
MediaIngredientMech:000443,Soytone,,MAPPED,CHEBI:8150,CHEBI,EXACT_MATCH,15,,
MediaIngredientMech:000196,SrCl2,,MAPPED,CHEBI:36383,CHEBI,EXACT_MATCH,214,,
MediaIngredientMech:000226,SrCl2 x 6 H2O,,MAPPED,CHEBI:36385,CHEBI,EXACT_MATCH,125,,
MediaIngredientMech:001103,SrCl2 x 6 H2O (0.1% w/v),,MAPPED,CHEBI:36385,CHEBI,EXACT_MATCH,1,,
MediaIngredientMech:000851,SrCl2.6H2O,,MAPPED,CHEBI:36385,CHEBI,EXACT_MATCH,2,,
MediaIngredientMech:000463,SrCl2·6H2O,,MAPPED,CHEBI:36385,CHEBI,EXACT_MATCH,13,,
MediaIngredientMech:000169,Starch,,MAPPED,CHEBI:28017,CHEBI,EXACT_MATCH,417,,
MediaIngredientMech:000666,Stearic acid,,MAPPED,CHEBI:28842,CHEBI,EXACT_MATCH,4,,
MediaIngredientMech:000420,Succinate,,MAPPED,CHEBI:26806,CHEBI,EXACT_MATCH,18,,
MediaIngredientMech:000373,Succinic acid,,MAPPED,CHEBI:15741,CHEBI,EXACT_MATCH,25,,
MediaIngredientMech:000214,Sucrose,,MAPPED,CHEBI:17992,CHEBI,EXACT_MATCH,149,,
MediaIngredientMech:000661,sucrose,,MAPPED,CHEBI:17992,CHEBI,EXACT_MATCH,4,,
MediaIngredientMech:000193,Sulfur,,MAPPED,CHEBI:26833,CHEBI,EXACT_MATCH,224,,
MediaIngredientMech:000927,sulfur,,MAPPED,CHEBI:26833,CHEBI,EXACT_MATCH,1,,
MediaIngredientMech:000254,Sulfur (powder),,MAPPED,CHEBI:14258,CHEBI,EXACT_MATCH,81,,
MediaIngredientMech:000987,sulfur (powder),,MAPPED,CHEBI:14258,CHEBI,EXACT_MATCH,1,,
MediaIngredientMech:000626,Sulfur powder,,MAPPED,CHEBI:14258,CHEBI,EXACT_MATCH,5,,
MediaIngredientMech:001072,sulfur powder,,MAPPED,CHEBI:14258,CHEBI,EXACT_MATCH,1,,
MediaIngredientMech:000629,Sulphur,,MAPPED,CHEBI:17909,CHEBI,EXACT_MATCH,5,,
MediaIngredientMech:000260,Tap water,,MAPPED,CHEBI:15377,CHEBI,CLOSE_MATCH,72,MediaIngredientMech:001108,TAP
MediaIngredientMech:000805,tap water,,REJECTED,CHEBI:15377,CHEBI,EXACT_MATCH,1,,
MediaIngredientMech:000513,TAPSO,,MAPPED,CHEBI:84015,CHEBI,EXACT_MATCH,10,,
MediaIngredientMech:001102,Taurine,,MAPPED,CHEBI:15891,CHEBI,EXACT_MATCH,1,,
MediaIngredientMech:000506,TES,,MAPPED,CHEBI:39035,CHEBI,EXACT_MATCH,10,,
MediaIngredientMech:000537,Tetrachloroethene,,MAPPED,CHEBI:17300,CHEBI,EXACT_MATCH,8,,
MediaIngredientMech:000868,Tetramethyl ammonium,,MAPPED,CHEBI:46020,CHEBI,EXACT_MATCH,2,,
MediaIngredientMech:001094,tetramethyl ammonium,,MAPPED,CHEBI:46020,CHEBI,EXACT_MATCH,1,,
MediaIngredientMech:000542,Thiamin,,MAPPED,CHEBI:18385,CHEBI,EXACT_MATCH,8,,
MediaIngredientMech:000959,Thiamin pyrophosphate,,MAPPED,CHEBI:45931,CHEBI,EXACT_MATCH,1,,
MediaIngredientMech:000530,Thiamin-HCl,,MAPPED,CHEBI:49105,CHEBI,EXACT_MATCH,9,,
MediaIngredientMech:000227,Thiamine,,MAPPED,CHEBI:26948,CHEBI,EXACT_MATCH,126,,
MediaIngredientMech:000898,thiamine,,MAPPED,CHEBI:26948,CHEBI,EXACT_MATCH,2,,
MediaIngredientMech:000871,Thiamine dihydrochloride,,MAPPED,CHEBI:49105,CHEBI,EXACT_MATCH,2,,
MediaIngredientMech:000142,Thiamine HCl,,MAPPED,CHEBI:49105,CHEBI,EXACT_MATCH,1395,,
MediaIngredientMech:000401,Thiamine hydrochloride,,MAPPED,CHEBI:49105,CHEBI,EXACT_MATCH,20,,
MediaIngredientMech:000948,thiamine hydrochloride,,MAPPED,CHEBI:49105,CHEBI,EXACT_MATCH,1,,
MediaIngredientMech:000431,Thiamine pyrophosphate,,MAPPED,CHEBI:18290,CHEBI,EXACT_MATCH,16,,
MediaIngredientMech:000197,Thiamine-HCl,,MAPPED,CHEBI:49105,CHEBI,EXACT_MATCH,213,,
MediaIngredientMech:001089,thiamine-HCl,,MAPPED,CHEBI:49105,CHEBI,EXACT_MATCH,1,,
MediaIngredientMech:000160,Thiamine-HCl x 2 H2O,,MAPPED,CHEBI:132751,CHEBI,EXACT_MATCH,579,,
MediaIngredientMech:000770,Thiamine·HCl,,MAPPED,CHEBI:49105,CHEBI,EXACT_MATCH,3,,
MediaIngredientMech:000364,Thioctic acid,,MAPPED,CHEBI:30314,CHEBI,EXACT_MATCH,28,,
MediaIngredientMech:000817,Thioctic Acid,,MAPPED,CHEBI:30314,CHEBI,EXACT_MATCH,2,,
MediaIngredientMech:000649,Thioglycolate,,MAPPED,CHEBI:47869,CHEBI,EXACT_MATCH,4,,
MediaIngredientMech:000780,Thiosulfate,,MAPPED,CHEBI:26977,CHEBI,EXACT_MATCH,3,,
MediaIngredientMech:001096,thiosulfate,,MAPPED,CHEBI:26977,CHEBI,EXACT_MATCH,1,,
MediaIngredientMech:000575,Thymidine,,MAPPED,CHEBI:17748,CHEBI,EXACT_MATCH,7,,
MediaIngredientMech:000503,Thymine,,MAPPED,CHEBI:17821,CHEBI,EXACT_MATCH,11,,
MediaIngredientMech:000511,Toluene,,MAPPED,CHEBI:17578,CHEBI,EXACT_MATCH,10,,
MediaIngredientMech:000911,trans-Cinnamic acid,,MAPPED,CHEBI:35697,CHEBI,EXACT_MATCH,2,,
MediaIngredientMech:000545,Trehalose,,MAPPED,CHEBI:27082,CHEBI,EXACT_MATCH,8,,
MediaIngredientMech:000971,Trichloroethylene,,MAPPED,CHEBI:16602,CHEBI,EXACT_MATCH,1,,
MediaIngredientMech:000660,Triethanolamine,,MAPPED,CHEBI:28621,CHEBI,EXACT_MATCH,4,,
MediaIngredientMech:000843,Trimethylamine,,MAPPED,CHEBI:18139,CHEBI,EXACT_MATCH,2,,
MediaIngredientMech:000334,Trimethylamine-HCl,,MAPPED,CHEBI:64700,CHEBI,EXACT_MATCH,41,,
MediaIngredientMech:000958,Trimethylammonium chloride,,MAPPED,CHEBI:64700,CHEBI,EXACT_MATCH,1,,
MediaIngredientMech:000404,Tris,,MAPPED,CHEBI:9754,CHEBI,EXACT_MATCH,20,,
MediaIngredientMech:000941,TRIS,,MAPPED,CHEBI:9754,CHEBI,EXACT_MATCH,1,,
MediaIngredientMech:000370,Tris base,,MAPPED,CHEBI:9754,CHEBI,EXACT_MATCH,26,,
MediaIngredientMech:000633,Tris buffer,,MAPPED,CHEBI:9754,CHEBI,EXACT_MATCH,5,,
MediaIngredientMech:000943,Tris buffer 1M,,MAPPED,CHEBI:9754,CHEBI,EXACT_MATCH,1,,
MediaIngredientMech:000643,Tris(hydroxymethyl)aminomethane,,MAPPED,CHEBI:9754,CHEBI,EXACT_MATCH,5,,
MediaIngredientMech:000880,Tris(hydroxymethyl)methylamine,,MAPPED,CHEBI:9754,CHEBI,EXACT_MATCH,2,,
MediaIngredientMech:000250,Trisodium citrate,,MAPPED,CHEBI:53258,CHEBI,EXACT_MATCH,87,,
MediaIngredientMech:001013,trisodium citrate,,MAPPED,CHEBI:53258,CHEBI,EXACT_MATCH,1,,
MediaIngredientMech:000311,Trisodium citrate x 2 H2O,,MAPPED,CHEBI:53258,CHEBI,EXACT_MATCH,47,,
MediaIngredientMech:000776,Trisodium citrate·2H2O,,MAPPED,CHEBI:53258,CHEBI,EXACT_MATCH,3,,
MediaIngredientMech:000263,Trypticase,,MAPPED,CHEBI:78018,CHEBI,EXACT_MATCH,76,,
MediaIngredientMech:000346,Tryptophan,,MAPPED,CHEBI:27897,CHEBI,EXACT_MATCH,34,,
MediaIngredientMech:001025,tryptophan,,MAPPED,CHEBI:27897,CHEBI,EXACT_MATCH,1,,
MediaIngredientMech:000915,Tungstate,,MAPPED,CHEBI:46502,CHEBI,EXACT_MATCH,2,,
MediaIngredientMech:000804,Tween 20,,MAPPED,CHEBI:9784,CHEBI,EXACT_MATCH,2,,
MediaIngredientMech:000750,Tween 40,,MAPPED,CHEBI:53423,CHEBI,EXACT_MATCH,3,,
MediaIngredientMech:000692,Tween 60,,MAPPED,CHEBI:53425,CHEBI,EXACT_MATCH,4,,
MediaIngredientMech:000190,Tween 80,,MAPPED,CHEBI:53426,CHEBI,EXACT_MATCH,229,,
MediaIngredientMech:000501,Uracil,,MAPPED,CHEBI:17568,CHEBI,EXACT_MATCH,11,,
MediaIngredientMech:000301,Urea,,MAPPED,CHEBI:16199,CHEBI,EXACT_MATCH,50,,
MediaIngredientMech:000687,Uric acid,,MAPPED,CHEBI:27226,CHEBI,EXACT_MATCH,4,,
MediaIngredientMech:000303,Valeric acid,,MAPPED,CHEBI:17418,CHEBI,EXACT_MATCH,51,,
MediaIngredientMech:000125,Vitamin B12,,MAPPED,CHEBI:17439,CHEBI,EXACT_MATCH,2264,,
MediaIngredientMech:000658,vitamin B12,,MAPPED,CHEBI:176843,CHEBI,EXACT_MATCH,4,,
MediaIngredientMech:000237,Vitamin K1,,MAPPED,CHEBI:18067,CHEBI,EXACT_MATCH,110,,
MediaIngredientMech:000567,vitamin K1,,MAPPED,CHEBI:18067,CHEBI,EXACT_MATCH,7,,
MediaIngredientMech:001027,VitaminB12,,MAPPED,CHEBI:176843,CHEBI,EXACT_MATCH,1,,
MediaIngredientMech:000279,VOSO4 x 2 H2O,,MAPPED,CHEBI:87009,CHEBI,EXACT_MATCH,65,,
MediaIngredientMech:000479,VOSO4 x 5 H2O,,MAPPED,CHEBI:132758,CHEBI,EXACT_MATCH,12,,
MediaIngredientMech:000363,VOSO4 x n H2O,,MAPPED,CHEBI:87020,CHEBI,EXACT_MATCH,28,,
MediaIngredientMech:000671,VOSO4·xH2O,,MAPPED,CHEBI:87020,CHEBI,EXACT_MATCH,4,,
MediaIngredientMech:000640,water,,MAPPED,CHEBI:15377,CHEBI,EXACT_MATCH,5,,
MediaIngredientMech:000710,Water,,MAPPED,CHEBI:15377,CHEBI,EXACT_MATCH,1,,
MediaIngredientMech:001108,Water (base),CHEBI:15377,ARCHIVED,CHEBI:15377,CHEBI,EXACT_MATCH,0,,BASE_CHEMICAL
MediaIngredientMech:000407,Xylan,,MAPPED,CHEBI:37166,CHEBI,EXACT_MATCH,20,,
MediaIngredientMech:001050,Xylitol,,MAPPED,CHEBI:17151,CHEBI,EXACT_MATCH,1,,
MediaIngredientMech:000448,Xylose,,MAPPED,CHEBI:18222,CHEBI,EXACT_MATCH,15,,
MediaIngredientMech:000900,xylose,,MAPPED,CHEBI:18222,CHEBI,EXACT_MATCH,2,,
MediaIngredientMech:000204,Zinc sulfate,,MAPPED,CHEBI:35176,CHEBI,EXACT_MATCH,186,,
MediaIngredientMech:000577,Zinc Sulfate,,MAPPED,CHEBI:35176,CHEBI,EXACT_MATCH,7,,
MediaIngredientMech:000141,ZnCl2,,MAPPED,CHEBI:49976,CHEBI,EXACT_MATCH,1578,,
MediaIngredientMech:000325,ZnSO4,,MAPPED,CHEBI:35176,CHEBI,EXACT_MATCH,42,,
MediaIngredientMech:000789,ZnSO4 x 6 H2O,,MAPPED,CHEBI:132762,CHEBI,EXACT_MATCH,2,,
MediaIngredientMech:000135,ZnSO4 x 7 H2O,,MAPPED,CHEBI:32312,CHEBI,EXACT_MATCH,1843,,
MediaIngredientMech:001007,ZnSO4-7H2O,,MAPPED,CHEBI:32312,CHEBI,EXACT_MATCH,1,,
MediaIngredientMech:000476,ZnSO4.7H2O,,MAPPED,CHEBI:32312,CHEBI,EXACT_MATCH,12,,
MediaIngredientMech:000229,ZnSO4·7H2O,,MAPPED,CHEBI:32312,CHEBI,EXACT_MATCH,126,,
MediaIngredientMech:000708,α-lipoic acid,,MAPPED,CHEBI:43796,CHEBI,EXACT_MATCH,4,,
MediaIngredientMech:000939,α-Methylbutyric acid,,MAPPED,CHEBI:37070,CHEBI,EXACT_MATCH,1,,
,dH2O,CHEBI:15377,MAPPED,CHEBI:15377,CHEBI,CLOSE_MATCH,22,,
,sterile dH2O,CHEBI:15377,MAPPED,CHEBI:15377,CHEBI,CLOSE_MATCH,4,,
,NaH2PO4•H2O,CHEBI:37586,MAPPED,CHEBI:37586,CHEBI,EXACT_MATCH,4,,
,Na2glycerophosphate•5H2O,CHEBI:131871,MAPPED,CHEBI:131871,CHEBI,EXACT_MATCH,4,,
,Citric Acid•H2O,CHEBI:35804,MAPPED,CHEBI:35804,CHEBI,EXACT_MATCH,3,,
,Organic Peat,ENVO:00005774,MAPPED,ENVO:00005774,ENVO,EXACT_MATCH,1,,
,Natural sea-salt,FOODON:03316427,MAPPED,FOODON:03316427,FOODON,CLOSE_MATCH,2,,
,Liver extract infusion,FOODON:03301154,MAPPED,FOODON:03301154,FOODON,CLOSE_MATCH,1,,
,Glycylglycine,CHEBI:73998,MAPPED,CHEBI:73998,CHEBI,EXACT_MATCH,2,,
,Na2HPO4•7H2O,CHEBI:34702,MAPPED,CHEBI:34702,CHEBI,EXACT_MATCH,2,,
,Pea,FOODON:00002753,MAPPED,FOODON:00002753,FOODON,CLOSE_MATCH,2,,
,Tricine,CHEBI:16325,MAPPED,CHEBI:16325,CHEBI,EXACT_MATCH,2,,
,Sodium Metasilicate,CHEBI:86314,MAPPED,CHEBI:86314,CHEBI,EXACT_MATCH,1,,
,TES buffer,CHEBI:9330,MAPPED,CHEBI:9330,CHEBI,EXACT_MATCH,1,,
,Barley grains,FOODON:00002737,MAPPED,FOODON:00002737,FOODON,EXACT_MATCH,1,,
,Barley grains autoclaved,FOODON:00002737,MAPPED,FOODON:00002737,FOODON,CLOSE_MATCH,1,,
,NaNO3,CHEBI:34218,MAPPED,CHEBI:34218,CHEBI,EXACT_MATCH,24,,
,K2HPO4,CHEBI:32030,MAPPED,CHEBI:32030,CHEBI,EXACT_MATCH,17,,
,MgCO3,CHEBI:6611,MAPPED,CHEBI:6611,CHEBI,EXACT_MATCH,11,,
,KH2PO4,CHEBI:32583,MAPPED,CHEBI:32583,CHEBI,EXACT_MATCH,11,,
,CaCO3,CHEBI:3311,MAPPED,CHEBI:3311,CHEBI,EXACT_MATCH,8,,
,KNO3,CHEBI:63043,MAPPED,CHEBI:63043,CHEBI,EXACT_MATCH,5,,
,NaHCO3,CHEBI:32139,MAPPED,CHEBI:32139,CHEBI,EXACT_MATCH,4,,
,NH4NO3,CHEBI:63038,MAPPED,CHEBI:63038,CHEBI,EXACT_MATCH,3,,
,Na2CO3,CHEBI:29377,MAPPED,CHEBI:29377,CHEBI,EXACT_MATCH,3,,
,(NH4)MgPO4,CHEBI:90884,MAPPED,CHEBI:90884,CHEBI,CLOSE_MATCH,3,,
,H3BO3,CHEBI:33118,MAPPED,CHEBI:33118,CHEBI,EXACT_MATCH,3,,
,CaCl2·2H2O,CHEBI:86158,MAPPED,CHEBI:86158,CHEBI,CLOSE_MATCH,3,,
,Trizma Base pH,CHEBI:9754,MAPPED,CHEBI:9754,CHEBI,CLOSE_MATCH,1,,
,FE EDTA,CHEBI:28937,MAPPED,CHEBI:28937,CHEBI,CLOSE_MATCH,1,,
,See source for composition,UNMAPPED_0001,UNMAPPED,,,,4917,,
,Full composition available at source database,UNMAPPED_0002,UNMAPPED,,,,196,,
,Vitamin B,UNMAPPED_0004,UNMAPPED,,,,23,,
,Pasteurized Seawater,UNMAPPED_0006,UNMAPPED,,,,19,,
,Biotin Vitamin Solution,UNMAPPED_0007,UNMAPPED,,,,18,,
,P-IV Metal Solution,UNMAPPED_0009,UNMAPPED,,,,16,,
,Soilwater: GR+ Medium,UNMAPPED_0010,UNMAPPED,,,,15,,
,Thiamine Vitamin Solution,UNMAPPED_0011,UNMAPPED,,,,14,,
,CR1 Soil,UNMAPPED_0012,UNMAPPED,,,,14,,
,Green House Soil,UNMAPPED_0015,UNMAPPED,,,,11,,
,Tryptone,UNMAPPED_0017,UNMAPPED,,,,6,,
,Bristol Medium,UNMAPPED_0018,UNMAPPED,,,,6,,
,Erdschreiber's Medium,UNMAPPED_0019,UNMAPPED,,,,5,,
,Yeast extract,UNMAPPED_0020,UNMAPPED,,,,5,,
,Seawater,UNMAPPED_0022,UNMAPPED,,,,4,,
,Trace Metals Solution,UNMAPPED_0024,UNMAPPED,,,,4,,
,Enrichment Solution for Seawater Medium,UNMAPPED_0026,UNMAPPED,,,,4,,
,F/2 Medium,UNMAPPED_0028,UNMAPPED,,,,4,,
,Original amount: (NH4)2HPO4(Fisher A686),UNMAPPED_0030,UNMAPPED,,,,4,,
,MWC Metal Solution,UNMAPPED_0035,UNMAPPED,,,,3,,
,Bold 1NV Medium,UNMAPPED_0039,UNMAPPED,,,,2,,
,BG-11 Trace Metals Solution,UNMAPPED_0041,UNMAPPED,,,,2,,
,Soil+Seawater Medium,UNMAPPED_0042,UNMAPPED,,,,2,,
,Spir solution,UNMAPPED_0043,UNMAPPED,,,,2,,
,DAS Vitamin Cocktail,UNMAPPED_0045,UNMAPPED,,,,2,,
,BG-11 Medium,UNMAPPED_0047,UNMAPPED,,,,2,,
,Enriched Seawater Medium,UNMAPPED_0048,UNMAPPED,,,,2,,
,Waris Medium,UNMAPPED_0049,UNMAPPED,,,,2,,
,Euglena Medium,UNMAPPED_0050,UNMAPPED,,,,2,,
,WC Trace Elements Solution,UNMAPPED_0052,UNMAPPED,,,,2,,
,Supplemented Seawater,UNMAPPED_0053,UNMAPPED,,,,2,,
,DYV Metal Solution,UNMAPPED_0054,UNMAPPED,,,,2,,
,Proteose Peptone,UNMAPPED_0055,UNMAPPED,,,,2,,
,"[Merged 63 duplicates: 5.0, 1.0, 5.0, 1.0]",UNMAPPED_0056,UNMAPPED,,,,1,,
,"[Merged 10 duplicates: 2.0, 1.0]",UNMAPPED_0057,UNMAPPED,,,,1,,
,"[Merged 2 duplicates: 5.0, 20.0]",UNMAPPED_0058,UNMAPPED,,,,1,,
,Allen Medium,UNMAPPED_0059,UNMAPPED,,,,1,,
,Vermont Soil,UNMAPPED_0060,UNMAPPED,,,,1,,
,Volvox Medium,UNMAPPED_0061,UNMAPPED,,,,1,,
,EDTA Stock,UNMAPPED_0062,UNMAPPED,,,,1,,
,Iron Stock,UNMAPPED_0063,UNMAPPED,,,,1,,
,Boron Stock,UNMAPPED_0064,UNMAPPED,,,,1,,
,Bold Trace Stock,UNMAPPED_0065,UNMAPPED,,,,1,,
,Soilwater: GR- Medium,UNMAPPED_0067,UNMAPPED,,,,1,,
,Beef extract,UNMAPPED_0068,UNMAPPED,,,,1,,
,Original amount: (NH4)2SO4(Fisher A 702),UNMAPPED_0071,UNMAPPED,,,,1,,
,DYIII Medium,UNMAPPED_0072,UNMAPPED,,,,1,,
,Beijerinck's Solution,UNMAPPED_0074,UNMAPPED,,,,1,,
,Phosphate Buffer Stock Solution,UNMAPPED_0075,UNMAPPED,,,,1,,
,Hunter's Trace Stock Solution,UNMAPPED_0076,UNMAPPED,,,,1,,
,Tris Acetate Stock Solution,UNMAPPED_0077,UNMAPPED,,,,1,,
,Modified Bold 3N Medium,UNMAPPED_0078,UNMAPPED,,,,1,,
,A+ Trace Components,UNMAPPED_0080,UNMAPPED,,,,1,,
,DAS Macro Solution,UNMAPPED_0081,UNMAPPED,,,,1,,
,Modified P-IV chelated Micronutrient Solution,UNMAPPED_0082,UNMAPPED,,,,1,,
,P-II Metal Solution,UNMAPPED_0083,UNMAPPED,,,,1,,
,Chelated Iron Solution,UNMAPPED_0084,UNMAPPED,,,,1,,
,Algal Trace Elements Solution,UNMAPPED_0086,UNMAPPED,,,,1,,
,Sphagnum extract,UNMAPPED_0087,UNMAPPED,,,,1,,
,Malt extract,UNMAPPED_0089,UNMAPPED,,,,1,,
,CaSO4•2H2Osaturated solution,UNMAPPED_0091,UNMAPPED,,,,1,,
,Soilwater: Peat Medium,UNMAPPED_0092,UNMAPPED,,,,1,,
,Macro Component 1 for J Medium,UNMAPPED_0095,UNMAPPED,,,,1,,
,Macro Component 2 for J medium,UNMAPPED_0096,UNMAPPED,,,,1,,
,G9 Trace Metals for J medium,UNMAPPED_0097,UNMAPPED,,,,1,,
,Minor Nutrients,UNMAPPED_0099,UNMAPPED,,,,1,,
,Modified COMBO Medium,UNMAPPED_0100,UNMAPPED,,,,1,,
,Chu Stock Solution,UNMAPPED_0101,UNMAPPED,,,,1,,
