id,ontology_id,preferred_term,mapping_status,ontology_label,ontology_source,mapping_quality,total_occurrences,media_count
MediaIngredientMech:000113,CHEBI:26710,NaCl,MAPPED,NaCl,CHEBI,EXACT_MATCH,6041,50
MediaIngredientMech:000114,CHEBI:15377,Distilled water,MAPPED,Distilled water,CHEBI,EXACT_MATCH,4018,50
MediaIngredientMech:000115,CHEBI:86158,CaCl2 x 2 H2O,MAPPED,CaCl2 x 2 H2O,CHEBI,EXACT_MATCH,3848,50
MediaIngredientMech:000116,CHEBI:63036,KH2PO4,MAPPED,KH2PO4,CHEBI,EXACT_MATCH,3831,50
MediaIngredientMech:000117,CHEBI:33118,H3BO3,MAPPED,H3BO3,CHEBI,EXACT_MATCH,3571,50
MediaIngredientMech:000118,CHEBI:31795,MgSO4 x 7 H2O,MAPPED,MgSO4 x 7 H2O,CHEBI,EXACT_MATCH,3556,50
MediaIngredientMech:000119,CHEBI:2509,Agar,MAPPED,Agar,CHEBI,EXACT_MATCH,3534,50
MediaIngredientMech:000120,CHEBI:75213,Na2MoO4 x 2 H2O,MAPPED,Na2MoO4 x 2 H2O,CHEBI,EXACT_MATCH,2954,50
MediaIngredientMech:000121,CHEBI:31206,NH4Cl,MAPPED,NH4Cl,CHEBI,EXACT_MATCH,2944,50
MediaIngredientMech:000122,CHEBI:131527,K2HPO4,MAPPED,K2HPO4,CHEBI,EXACT_MATCH,2832,50
MediaIngredientMech:000123,CHEBI:32588,KCl,MAPPED,KCl,CHEBI,EXACT_MATCH,2639,50
MediaIngredientMech:000124,CHEBI:34887,NiCl2 x 6 H2O,MAPPED,NiCl2 x 6 H2O,CHEBI,EXACT_MATCH,2629,50
MediaIngredientMech:000125,CHEBI:17439,Vitamin B12,MAPPED,Vitamin B12,CHEBI,EXACT_MATCH,2326,50
MediaIngredientMech:000126,CHEBI:35696,CoCl2 x 6 H2O,MAPPED,CoCl2 x 6 H2O,CHEBI,EXACT_MATCH,2265,50
MediaIngredientMech:000127,CHEBI:86368,MnCl2 x 4 H2O,MAPPED,MnCl2 x 4 H2O,CHEBI,EXACT_MATCH,2253,50
MediaIngredientMech:000128,CHEBI:15956,Biotin,MAPPED,Biotin,CHEBI,EXACT_MATCH,2141,50
MediaIngredientMech:000129,CHEBI:32139,NaHCO3,MAPPED,NaHCO3,CHEBI,EXACT_MATCH,2124,50
MediaIngredientMech:000130,CHEBI:75836,FeSO4 x 7 H2O,MAPPED,FeSO4 x 7 H2O,CHEBI,EXACT_MATCH,2090,50
MediaIngredientMech:000131,CHEBI:86345,MgCl2 x 6 H2O,MAPPED,MgCl2 x 6 H2O,CHEBI,EXACT_MATCH,2027,50
MediaIngredientMech:000132,CHEBI:15940,Nicotinic acid,MAPPED,Nicotinic acid,CHEBI,EXACT_MATCH,1977,50
MediaIngredientMech:000133,CHEBI:86318,CuCl2 x 2 H2O,MAPPED,CuCl2 x 2 H2O,CHEBI,EXACT_MATCH,1968,50
MediaIngredientMech:000134,CHEBI:30753,p-Aminobenzoic acid,MAPPED,p-Aminobenzoic acid,CHEBI,EXACT_MATCH,1914,50
MediaIngredientMech:000135,CHEBI:32312,ZnSO4 x 7 H2O,MAPPED,ZnSO4 x 7 H2O,CHEBI,EXACT_MATCH,1848,50
MediaIngredientMech:000136,CHEBI:17015,Riboflavin,MAPPED,Riboflavin,CHEBI,EXACT_MATCH,1802,50
MediaIngredientMech:000137,CHEBI:27470,Folic acid,MAPPED,Folic acid,CHEBI,EXACT_MATCH,1723,50
MediaIngredientMech:000138,CHEBI:17234,Glucose,MAPPED,Glucose,CHEBI,EXACT_MATCH,1638,50
MediaIngredientMech:000139,CHEBI:30961,Pyridoxine hydrochloride,MAPPED,Pyridoxine hydrochloride,CHEBI,EXACT_MATCH,1627,50
MediaIngredientMech:000140,CHEBI:76209,Na2S x 9 H2O,MAPPED,Na2S x 9 H2O,CHEBI,EXACT_MATCH,1600,50
MediaIngredientMech:000141,CHEBI:49976,ZnCl2,MAPPED,ZnCl2,CHEBI,EXACT_MATCH,1579,50
MediaIngredientMech:000142,CHEBI:49105,Thiamine HCl,MAPPED,Thiamine HCl,CHEBI,EXACT_MATCH,1398,50
MediaIngredientMech:000143,CHEBI:8806,Resazurin,MAPPED,Resazurin,CHEBI,EXACT_MATCH,1307,50
MediaIngredientMech:000144,CHEBI:131361,Na2SeO3 x 5 H2O,MAPPED,Na2SeO3 x 5 H2O,CHEBI,EXACT_MATCH,1289,50
MediaIngredientMech:000145,CHEBI:62946,(NH4)2SO4,MAPPED,(NH4)2SO4,CHEBI,EXACT_MATCH,1288,50
MediaIngredientMech:000146,CHEBI:63939,Na2WO4 x 2 H2O,MAPPED,Na2WO4 x 2 H2O,CHEBI,EXACT_MATCH,1281,50
MediaIngredientMech:000147,CHEBI:86249,FeCl2 x 4 H2O,MAPPED,FeCl2 x 4 H2O,CHEBI,EXACT_MATCH,1244,50
MediaIngredientMech:000148,CHEBI:32145,NaOH,MAPPED,NaOH,CHEBI,EXACT_MATCH,1183,50
MediaIngredientMech:000149,CHEBI:29377,Na2CO3,MAPPED,Na2CO3,CHEBI,EXACT_MATCH,1166,50
MediaIngredientMech:000150,CHEBI:17883,HCl,MAPPED,HCl,CHEBI,EXACT_MATCH,1105,50
MediaIngredientMech:000151,CHEBI:44557,Nitrilotriacetic acid,MAPPED,Nitrilotriacetic acid,CHEBI,EXACT_MATCH,1035,50
MediaIngredientMech:000152,CHEBI:31440,CuSO4 x 5 H2O,MAPPED,CuSO4 x 5 H2O,CHEBI,EXACT_MATCH,1010,50
MediaIngredientMech:000153,CHEBI:91248,L-Cysteine HCl x H2O,MAPPED,L-Cysteine HCl x H2O,CHEBI,EXACT_MATCH,959,50
MediaIngredientMech:000154,CHEBI:32149,Na2SO4,MAPPED,Na2SO4,CHEBI,EXACT_MATCH,901,50
MediaIngredientMech:000155,CHEBI:16494,(DL)-alpha-Lipoic acid,MAPPED,(DL)-alpha-Lipoic acid,CHEBI,EXACT_MATCH,872,50
MediaIngredientMech:000156,CHEBI:86364,MnSO4 x H2O,MAPPED,MnSO4 x H2O,CHEBI,EXACT_MATCH,810,50
MediaIngredientMech:000157,CHEBI:31345,Calcium pantothenate,MAPPED,Calcium pantothenate,CHEBI,EXACT_MATCH,789,50
MediaIngredientMech:000158,CHEBI:53470,CoSO4 x 7 H2O,MAPPED,CoSO4 x 7 H2O,CHEBI,EXACT_MATCH,693,50
MediaIngredientMech:000159,CHEBI:34683,Na2HPO4,MAPPED,Na2HPO4,CHEBI,EXACT_MATCH,610,50
MediaIngredientMech:000160,CHEBI:132751,Thiamine-HCl x 2 H2O,MAPPED,Thiamine-HCl x 2 H2O,CHEBI,EXACT_MATCH,579,50
MediaIngredientMech:000161,CHEBI:86465,AlK(SO4)2 x 12 H2O,MAPPED,AlK(SO4)2 x 12 H2O,CHEBI,EXACT_MATCH,543,50
MediaIngredientMech:000162,CHEBI:3312,CaCl2,MAPPED,CaCl2,CHEBI,EXACT_MATCH,492,50
MediaIngredientMech:000163,CHEBI:17634,D-Glucose,MAPPED,D-Glucose,CHEBI,EXACT_MATCH,483,50
MediaIngredientMech:000164,CHEBI:86158,CaCl2·2H2O,MAPPED,calcium chloride dihydrate,CHEBI,EXACT_MATCH,470,50
MediaIngredientMech:000165,CHEBI:64755,EDTA,MAPPED,EDTA,CHEBI,EXACT_MATCH,446,50
MediaIngredientMech:000166,CHEBI:16494,Lipoic acid,MAPPED,Lipoic acid,CHEBI,EXACT_MATCH,436,50
MediaIngredientMech:000167,CHEBI:32599,MgSO4·7H2O,MAPPED,magnesium sulfate,CHEBI,EXACT_MATCH,429,50
MediaIngredientMech:000168,CHEBI:32954,Na-acetate,MAPPED,Na-acetate,CHEBI,EXACT_MATCH,424,50
MediaIngredientMech:000169,CHEBI:28017,Starch,MAPPED,Starch,CHEBI,EXACT_MATCH,417,50
MediaIngredientMech:000170,CHEBI:58242,KNO3,MAPPED,KNO3,CHEBI,EXACT_MATCH,402,50
MediaIngredientMech:000171,CHEBI:59148,NaNO3,MAPPED,NaNO3,CHEBI,EXACT_MATCH,394,50
MediaIngredientMech:000172,CHEBI:32150,Na2S2O3 x 5 H2O,MAPPED,Na2S2O3 x 5 H2O,CHEBI,EXACT_MATCH,393,50
MediaIngredientMech:000173,CHEBI:78020,Casamino acids,MAPPED,heptacosanoate,CHEBI,EXACT_MATCH,388,50
MediaIngredientMech:000174,CHEBI:32599,Magnesium sulfate,MAPPED,Magnesium sulfate,CHEBI,EXACT_MATCH,380,50
MediaIngredientMech:000175,CHEBI:32954,Sodium acetate,MAPPED,Sodium acetate,CHEBI,EXACT_MATCH,345,50
MediaIngredientMech:000176,CHEBI:64734,Na2-EDTA,MAPPED,Na2-EDTA,CHEBI,EXACT_MATCH,334,50
MediaIngredientMech:000177,CHEBI:32030,KBr,MAPPED,KBr,CHEBI,EXACT_MATCH,295,50
MediaIngredientMech:000178,CHEBI:31206,Ammonium chloride,MAPPED,Ammonium chloride,CHEBI,EXACT_MATCH,285,50
MediaIngredientMech:000179,CHEBI:50144,Na-pyruvate,MAPPED,Na-pyruvate,CHEBI,EXACT_MATCH,277,50
MediaIngredientMech:000180,CHEBI:86254,FeCl3 x 6 H2O,MAPPED,FeCl3 x 6 H2O,CHEBI,EXACT_MATCH,269,50
MediaIngredientMech:000181,CHEBI:26836,H2SO4,MAPPED,H2SO4,CHEBI,EXACT_MATCH,262,50
MediaIngredientMech:000182,CHEBI:28741,NaF,MAPPED,NaF,CHEBI,EXACT_MATCH,260,50
MediaIngredientMech:000183,CHEBI:75215,Na2MoO4·2H2O,MAPPED,sodium molybdate (anhydrous),CHEBI,EXACT_MATCH,253,50
MediaIngredientMech:000184,CHEBI:6636,MgCl2,MAPPED,MgCl2,CHEBI,EXACT_MATCH,247,50
MediaIngredientMech:000185,CHEBI:50144,Sodium pyruvate,MAPPED,Sodium pyruvate,CHEBI,EXACT_MATCH,247,50
MediaIngredientMech:000186,CHEBI:144421,Fe(III) citrate,MAPPED,Fe(III) citrate,CHEBI,EXACT_MATCH,242,50
MediaIngredientMech:000187,CHEBI:26710,Sodium chloride,MAPPED,Sodium Chloride,CHEBI,EXACT_MATCH,240,50
MediaIngredientMech:000188,CHEBI:3311,CaCO3,MAPPED,CaCO3,CHEBI,EXACT_MATCH,233,50
MediaIngredientMech:000189,CHEBI:63004,NaBr,MAPPED,NaBr,CHEBI,EXACT_MATCH,233,50
MediaIngredientMech:000190,CHEBI:53426,Tween 80,MAPPED,Tween 80,CHEBI,EXACT_MATCH,229,50
MediaIngredientMech:000191,CHEBI:17634,D(+)-Glucose,MAPPED,D(+)-Glucose,CHEBI,EXACT_MATCH,227,50
MediaIngredientMech:000192,CHEBI:34683,Na2HPO4 x 2 H2O,MAPPED,Na2HPO4 x 2 H2O,CHEBI,EXACT_MATCH,226,50
MediaIngredientMech:000193,CHEBI:26833,Sulfur,MAPPED,Sulfur,CHEBI,EXACT_MATCH,224,50
MediaIngredientMech:000194,CHEBI:15956,D-(+)-biotin,MAPPED,D-(+)-biotin,CHEBI,EXACT_MATCH,222,50
MediaIngredientMech:000195,CHEBI:16236,Ethanol,MAPPED,Ethanol,CHEBI,EXACT_MATCH,222,50
MediaIngredientMech:000196,CHEBI:36383,SrCl2,MAPPED,SrCl2,CHEBI,EXACT_MATCH,214,50
MediaIngredientMech:000197,CHEBI:49105,Thiamine-HCl,MAPPED,thiamine hydrochloride,CHEBI,EXACT_MATCH,213,50
MediaIngredientMech:000198,CHEBI:59160,Na2SeO4,MAPPED,Na2SeO4,CHEBI,EXACT_MATCH,211,50
MediaIngredientMech:000199,CHEBI:86345,MgCl2·6H2O,MAPPED,magnesium dichloride hexahydrate,CHEBI,EXACT_MATCH,205,50
MediaIngredientMech:000200,CHEBI:17057,Cellobiose,MAPPED,Cellobiose,CHEBI,EXACT_MATCH,205,50
MediaIngredientMech:000201,CHEBI:17754,Glycerol,MAPPED,Glycerol,CHEBI,EXACT_MATCH,204,50
MediaIngredientMech:000202,CHEBI:34887,NiCl2·6H2O,MAPPED,nickel dichloride,CHEBI,EXACT_MATCH,202,50
MediaIngredientMech:000203,CHEBI:131531,Pyridoxine-HCl,MAPPED,pyridoxamine hydrochloride,CHEBI,EXACT_MATCH,197,50
MediaIngredientMech:000204,CHEBI:35176,Zinc sulfate,MAPPED,Zinc Sulfate,CHEBI,EXACT_MATCH,186,50
MediaIngredientMech:000205,CHEBI:86318,CuCl2·2H2O,MAPPED,copper(II) chloride dihydrate,CHEBI,EXACT_MATCH,181,50
MediaIngredientMech:000206,CHEBI:60720,Na-silicate,MAPPED,Na-silicate,CHEBI,EXACT_MATCH,181,50
MediaIngredientMech:000207,CHEBI:63038,(NH4)NO3,MAPPED,(NH4)NO3,CHEBI,EXACT_MATCH,176,50
MediaIngredientMech:000208,CHEBI:17790,Methanol,MAPPED,Methanol,CHEBI,EXACT_MATCH,173,50
MediaIngredientMech:000209,CHEBI:86155,Bromothymol blue,MAPPED,Bromothymol blue,CHEBI,EXACT_MATCH,168,50
MediaIngredientMech:000210,CHEBI:28262,Dimethyl sulfoxide,MAPPED,Dimethyl sulfoxide,CHEBI,EXACT_MATCH,159,50
MediaIngredientMech:000211,CHEBI:33118,Boric acid,MAPPED,Boric acid,CHEBI,EXACT_MATCH,153,50
MediaIngredientMech:000212,CHEBI:76181,Fe(NH4)2(SO4)2 x 6 H2O,MAPPED,,CHEBI,EXACT_MATCH,151,50
MediaIngredientMech:000213,CHEBI:32035,KOH,MAPPED,potassium hydroxide,CHEBI,EXACT_MATCH,149,50
MediaIngredientMech:000214,CHEBI:17992,Sucrose,MAPPED,Sucrose,CHEBI,EXACT_MATCH,148,50
MediaIngredientMech:000215,CHEBI:46756,HEPES,MAPPED,HEPES,CHEBI,EXACT_MATCH,148,50
MediaIngredientMech:000216,CHEBI:76209,Na2S·9H2O,MAPPED,sodium sulfide nonahydrate,CHEBI,EXACT_MATCH,147,50
MediaIngredientMech:000217,CHEBI:86463,AlK(SO4)2,MAPPED,AlK(SO4)2,CHEBI,EXACT_MATCH,145,50
MediaIngredientMech:000218,CHEBI:86254,FeCl3·6H2O,MAPPED,iron trichloride hexahydrate,CHEBI,EXACT_MATCH,141,50
MediaIngredientMech:000219,CHEBI:29032,Ca-pantothenate,MAPPED,(R)-pantothenate,CHEBI,EXACT_MATCH,137,50
MediaIngredientMech:000220,CHEBI:18050,L-Glutamine,MAPPED,L-Glutamine,CHEBI,EXACT_MATCH,137,50
MediaIngredientMech:000221,CHEBI:86159,Ca(NO3)2 x 4 H2O,MAPPED,Ca(NO3)2 x 4 H2O,CHEBI,EXACT_MATCH,137,50
MediaIngredientMech:000222,CHEBI:86364,Manganese sulfate,MAPPED,Manganese Sulfate,CHEBI,EXACT_MATCH,134,50
MediaIngredientMech:000223,CHEBI:52891,L-Cysteine HCl,MAPPED,L-Cysteine HCl,CHEBI,EXACT_MATCH,132,50
MediaIngredientMech:000224,CHEBI:17306,Maltose,MAPPED,Maltose,CHEBI,EXACT_MATCH,131,50
MediaIngredientMech:000225,CHEBI:32599,MgSO4,MAPPED,MgSO4,CHEBI,EXACT_MATCH,131,50
MediaIngredientMech:000226,CHEBI:36385,SrCl2 x 6 H2O,MAPPED,SrCl2 x 6 H2O,CHEBI,EXACT_MATCH,127,50
MediaIngredientMech:000227,CHEBI:26948,Thiamine,MAPPED,Thiamine,CHEBI,EXACT_MATCH,126,50
MediaIngredientMech:000228,CHEBI:50385,Haemin,MAPPED,Haemin,CHEBI,EXACT_MATCH,126,50
MediaIngredientMech:000229,CHEBI:32312,ZnSO4·7H2O,MAPPED,zinc sulfate heptahydrate,CHEBI,EXACT_MATCH,126,50
MediaIngredientMech:000230,CHEBI:32588,Potassium chloride,MAPPED,potassium chloride,CHEBI,EXACT_MATCH,119,50
MediaIngredientMech:000231,CHEBI:131527,K2HPO4 x 3 H2O,MAPPED,K2HPO4 x 3 H2O,CHEBI,EXACT_MATCH,118,50
MediaIngredientMech:000232,CHEBI:8346,KI,MAPPED,potassium iodide,CHEBI,EXACT_MATCH,118,50
MediaIngredientMech:000233,CHEBI:44557,Nitrilotriacetic acid (NTA),MAPPED,nitrilotriacetic acid,CHEBI,EXACT_MATCH,117,50
MediaIngredientMech:000234,CHEBI:86345,Magnesium chloride,MAPPED,magnesium dichloride hexahydrate,CHEBI,EXACT_MATCH,117,50
MediaIngredientMech:000235,CHEBI:131531,Pyridoxine HCl,MAPPED,pyridoxamine hydrochloride,CHEBI,EXACT_MATCH,112,50
MediaIngredientMech:000236,CHEBI:34683,Na2HPO4 x 12 H2O,MAPPED,Na2HPO4 x 12 H2O,CHEBI,EXACT_MATCH,112,50
MediaIngredientMech:000237,CHEBI:18067,Vitamin K1,MAPPED,Vitamin K1,CHEBI,EXACT_MATCH,110,50
MediaIngredientMech:000238,CHEBI:86214,Co(NO3)2 x 6 H2O,MAPPED,Co(NO3)2 x 6 H2O,CHEBI,EXACT_MATCH,109,50
MediaIngredientMech:000239,CHEBI:48843,Na2SeO3,MAPPED,Na2SeO3,CHEBI,EXACT_MATCH,109,50
MediaIngredientMech:000240,CHEBI:63940,Na2WO4,MAPPED,sodium tungstate,CHEBI,EXACT_MATCH,108,50
MediaIngredientMech:000241,CHEBI:17154,Nicotinamide,MAPPED,Nicotinamide,CHEBI,EXACT_MATCH,107,50
MediaIngredientMech:000242,CHEBI:7916,Pantothenic acid,MAPPED,Pantothenic acid,CHEBI,EXACT_MATCH,106,50
MediaIngredientMech:000243,CHEBI:4167,Dextrose,MAPPED,Dextrose,CHEBI,EXACT_MATCH,103,50
MediaIngredientMech:000244,CHEBI:15428,Glycine,MAPPED,Glycine,CHEBI,EXACT_MATCH,99,50
MediaIngredientMech:000245,CHEBI:31991,Phenol red,MAPPED,Phenol red,CHEBI,EXACT_MATCH,93,50
MediaIngredientMech:000246,CHEBI:131531,Pyridoxamine hydrochloride,MAPPED,Pyridoxamine hydrochloride,CHEBI,EXACT_MATCH,92,50
MediaIngredientMech:000247,CHEBI:31604,Ferric ammonium citrate,MAPPED,Ferric ammonium citrate,CHEBI,EXACT_MATCH,90,50
MediaIngredientMech:000248,CHEBI:17836,4-Aminobenzoate,MAPPED,4-aminobenzoate,CHEBI,EXACT_MATCH,89,50
MediaIngredientMech:000249,CHEBI:64734,Na2-EDTA x 2 H2O,MAPPED,Na2-EDTA x 2 H2O,CHEBI,EXACT_MATCH,89,50
MediaIngredientMech:000250,CHEBI:53258,Trisodium citrate,MAPPED,Trisodium citrate,CHEBI,EXACT_MATCH,87,50
MediaIngredientMech:000251,CHEBI:16494,alpha-lipoic acid,MAPPED,alpha-lipoic acid,CHEBI,EXACT_MATCH,84,50
MediaIngredientMech:000252,CHEBI:75228,Sodium lactate,MAPPED,Sodium lactate,CHEBI,EXACT_MATCH,82,50
MediaIngredientMech:000253,CHEBI:53258,Sodium citrate,MAPPED,Sodium citrate,CHEBI,EXACT_MATCH,81,50
MediaIngredientMech:000254,CHEBI:14258,Sulfur (powder),MAPPED,,CHEBI,EXACT_MATCH,81,50
MediaIngredientMech:000255,CHEBI:32139,Sodium bicarbonate,MAPPED,,CHEBI,EXACT_MATCH,80,50
MediaIngredientMech:000256,CHEBI:86149,(NH4)2Ni(SO4)2 x 6 H2O,MAPPED,(NH4)2Ni(SO4)2 x 6 H2O,CHEBI,EXACT_MATCH,80,50
MediaIngredientMech:000257,CHEBI:49553,CuCl2,MAPPED,CuCl2,CHEBI,EXACT_MATCH,80,50
MediaIngredientMech:000258,CHEBI:62946,Ammonium sulfate,MAPPED,Ammonium Sulfate,CHEBI,EXACT_MATCH,80,50
MediaIngredientMech:000259,CHEBI:62965,Na-formate,MAPPED,Na-formate,CHEBI,EXACT_MATCH,79,50
MediaIngredientMech:000260,CHEBI:15377,Tap water,MAPPED,Tap water,CHEBI,EXACT_MATCH,78,50
MediaIngredientMech:000261,CHEBI:31345,D-Calcium pantothenate,MAPPED,Calcium pantothenate,CHEBI,EXACT_MATCH,77,50
MediaIngredientMech:000262,CHEBI:63675,Sodium succinate,MAPPED,Sodium succinate,CHEBI,EXACT_MATCH,76,50
MediaIngredientMech:000263,CHEBI:78018,Trypticase,MAPPED,dodecylphosphocholine,CHEBI,EXACT_MATCH,76,50
MediaIngredientMech:000264,CHEBI:31345,DL-Calcium pantothenate,MAPPED,DL-Calcium pantothenate,CHEBI,EXACT_MATCH,76,50
MediaIngredientMech:000265,CHEBI:2509,agar,MAPPED,agar,CHEBI,EXACT_MATCH,75,50
MediaIngredientMech:000266,CHEBI:32036,K2SO4,MAPPED,K2SO4,CHEBI,EXACT_MATCH,75,50
MediaIngredientMech:000267,CHEBI:86481,Na-thioglycolate,MAPPED,Na-thioglycolate,CHEBI,EXACT_MATCH,74,50
MediaIngredientMech:000268,CHEBI:15377,Double distilled water,MAPPED,Double distilled water,CHEBI,EXACT_MATCH,73,50
MediaIngredientMech:000269,CHEBI:39010,MES,MAPPED,MES,CHEBI,EXACT_MATCH,72,50
MediaIngredientMech:000270,CHEBI:17115,L-Serine,MAPPED,L-Serine,CHEBI,EXACT_MATCH,72,50
MediaIngredientMech:000271,CHEBI:75228,Na-DL-lactate,MAPPED,Na-DL-lactate,CHEBI,EXACT_MATCH,72,50
MediaIngredientMech:000272,CHEBI:15971,L-Histidine,MAPPED,L-Histidine,CHEBI,EXACT_MATCH,71,50
MediaIngredientMech:000273,CHEBI:64734,Na-EDTA,MAPPED,Na-EDTA,CHEBI,EXACT_MATCH,70,50
MediaIngredientMech:000274,CHEBI:16643,L-Methionine,MAPPED,L-Methionine,CHEBI,EXACT_MATCH,69,50
MediaIngredientMech:000275,CHEBI:32583,CaSO4 x 2 H2O,MAPPED,CaSO4 x 2 H2O,CHEBI,EXACT_MATCH,69,50
MediaIngredientMech:000276,CHEBI:39033,PIPES,MAPPED,PIPES,CHEBI,EXACT_MATCH,69,50
MediaIngredientMech:000277,CHEBI:17561,L-Cysteine,MAPPED,L-Cysteine,CHEBI,EXACT_MATCH,67,50
MediaIngredientMech:000278,CHEBI:15603,L-Leucine,MAPPED,L-Leucine,CHEBI,EXACT_MATCH,65,50
MediaIngredientMech:000279,CHEBI:87009,VOSO4 x 2 H2O,MAPPED,VOSO4 x 2 H2O,CHEBI,EXACT_MATCH,65,50
MediaIngredientMech:000280,CHEBI:17203,L-Proline,MAPPED,L-Proline,CHEBI,EXACT_MATCH,64,50
MediaIngredientMech:000281,CHEBI:144421,Ferric citrate,MAPPED,Ferric citrate,CHEBI,EXACT_MATCH,64,50
MediaIngredientMech:000282,CHEBI:17196,L-Asparagine,MAPPED,L-Asparagine,CHEBI,EXACT_MATCH,64,50
MediaIngredientMech:000283,CHEBI:30769,Citric acid,MAPPED,Citric acid,CHEBI,EXACT_MATCH,63,50
MediaIngredientMech:000284,CHEBI:31440,CuSO4·5H2O,MAPPED,copper(II) sulfate pentahydrate,CHEBI,EXACT_MATCH,63,50
MediaIngredientMech:000285,CHEBI:39074,MOPS,MAPPED,MOPS,CHEBI,EXACT_MATCH,62,50
MediaIngredientMech:000286,CHEBI:16135,Isobutyric acid,MAPPED,Isobutyric acid,CHEBI,EXACT_MATCH,62,50
MediaIngredientMech:000287,CHEBI:63038,NH4NO3,MAPPED,,CHEBI,EXACT_MATCH,61,50
MediaIngredientMech:000288,CHEBI:28645,Fructose,MAPPED,beta-D-fructofuranose,CHEBI,EXACT_MATCH,60,50
MediaIngredientMech:000289,CHEBI:16467,L-Arginine,MAPPED,L-Arginine,CHEBI,EXACT_MATCH,59,50
MediaIngredientMech:000290,CHEBI:29377,Na2CO3 anhydrous,MAPPED,Na2CO3 anhydrous,CHEBI,EXACT_MATCH,59,50
MediaIngredientMech:000291,CHEBI:63675,Disodium succinate,MAPPED,Disodium succinate,CHEBI,EXACT_MATCH,58,50
MediaIngredientMech:000292,CHEBI:30114,AlCl3,MAPPED,AlCl3,CHEBI,EXACT_MATCH,57,50
MediaIngredientMech:000293,CHEBI:86465,KAl(SO4)2·12H2O,MAPPED,potassium aluminium sulfate dodecahydrate,CHEBI,EXACT_MATCH,57,50
MediaIngredientMech:000294,CHEBI:17191,L-Isoleucine,MAPPED,L-Isoleucine,CHEBI,EXACT_MATCH,56,50
MediaIngredientMech:000295,CHEBI:37585,NaH2PO4,MAPPED,sodium dihydrogenphosphate,CHEBI,EXACT_MATCH,55,50
MediaIngredientMech:000296,CHEBI:62947,Ammonium acetate,MAPPED,Ammonium acetate,CHEBI,EXACT_MATCH,55,50
MediaIngredientMech:000297,CHEBI:62965,Sodium formate,MAPPED,Sodium formate,CHEBI,EXACT_MATCH,54,50
MediaIngredientMech:000298,CHEBI:16828,L-Tryptophan,MAPPED,L-Tryptophan,CHEBI,EXACT_MATCH,53,50
MediaIngredientMech:000299,CHEBI:86358,MnSO4 x 4 H2O,MAPPED,MnSO4 x 4 H2O,CHEBI,EXACT_MATCH,52,50
MediaIngredientMech:000300,CHEBI:64220,Na glutamate,MAPPED,Na glutamate,CHEBI,EXACT_MATCH,51,50
MediaIngredientMech:000301,CHEBI:16199,Urea,MAPPED,Urea,CHEBI,EXACT_MATCH,51,50
MediaIngredientMech:000302,CHEBI:50385,Hemin,MAPPED,hemin,CHEBI,EXACT_MATCH,51,50
MediaIngredientMech:000303,CHEBI:17418,Valeric acid,MAPPED,Valeric acid,CHEBI,EXACT_MATCH,51,50
MediaIngredientMech:000304,CHEBI:16414,L-Valine,MAPPED,L-Valine,CHEBI,EXACT_MATCH,50,50
MediaIngredientMech:000305,CHEBI:28484,Isovaleric acid,MAPPED,Isovaleric acid,CHEBI,EXACT_MATCH,50,50
MediaIngredientMech:000306,CHEBI:75832,FeSO4,MAPPED,FeSO4,CHEBI,EXACT_MATCH,49,49
MediaIngredientMech:000307,CHEBI:16410,Pyridoxamine,MAPPED,Pyridoxamine,CHEBI,EXACT_MATCH,49,49
MediaIngredientMech:000308,CHEBI:29864,Mannitol,MAPPED,Mannitol,CHEBI,EXACT_MATCH,49,49
MediaIngredientMech:000309,CHEBI:63939,Na2WO4·2H2O,MAPPED,sodium tungstate dihydrate,CHEBI,EXACT_MATCH,48,48
MediaIngredientMech:000310,CHEBI:16857,L-Threonine,MAPPED,L-Threonine,CHEBI,EXACT_MATCH,48,48
MediaIngredientMech:000311,CHEBI:53258,Trisodium citrate x 2 H2O,MAPPED,sodium citrate,CHEBI,EXACT_MATCH,48,48
MediaIngredientMech:000312,CHEBI:17295,L-Phenylalanine,MAPPED,L-Phenylalanine,CHEBI,EXACT_MATCH,46,46
MediaIngredientMech:000313,CHEBI:17561,L-Cysteine-HCl x H2O,MAPPED,L-cysteine,CHEBI,EXACT_MATCH,46,46
MediaIngredientMech:000314,CHEBI:115156,Na2-fumarate,MAPPED,Na2-fumarate,CHEBI,EXACT_MATCH,46,46
MediaIngredientMech:000315,CHEBI:48843,Na2SeO3·5H2O,MAPPED,disodium selenite,CHEBI,EXACT_MATCH,45,45
MediaIngredientMech:000316,CHEBI:17895,L-Tyrosine,MAPPED,L-Tyrosine,CHEBI,EXACT_MATCH,45,45
MediaIngredientMech:000317,CHEBI:16709,Pyridoxine,MAPPED,pyridoxine,CHEBI,EXACT_MATCH,45,45
MediaIngredientMech:000318,CHEBI:18019,L-Lysine,MAPPED,L-Lysine,CHEBI,EXACT_MATCH,44,44
MediaIngredientMech:000319,CHEBI:64220,Sodium glutamate,MAPPED,monosodium glutamate,CHEBI,EXACT_MATCH,44,44
MediaIngredientMech:000320,CHEBI:37070,DL-2-Methylbutyric acid,MAPPED,DL-2-Methylbutyric acid,CHEBI,EXACT_MATCH,43,43
MediaIngredientMech:000321,CHEBI:59168,Na2S2O3,MAPPED,Na2S2O3,CHEBI,EXACT_MATCH,43,43
MediaIngredientMech:000322,CHEBI:30089,Acetate,MAPPED,Acetate,CHEBI,EXACT_MATCH,43,43
MediaIngredientMech:000323,CHEBI:15356,Cysteine,MAPPED,Cysteine,CHEBI,EXACT_MATCH,42,42
MediaIngredientMech:000324,CHEBI:53258,Na3-citrate,MAPPED,Na3-citrate,CHEBI,EXACT_MATCH,42,42
MediaIngredientMech:000325,CHEBI:35176,ZnSO4,MAPPED,ZnSO4,CHEBI,EXACT_MATCH,42,42
MediaIngredientMech:000326,CHEBI:22652,Ascorbic acid,MAPPED,Ascorbic acid,CHEBI,EXACT_MATCH,42,42
MediaIngredientMech:000327,CHEBI:91243,CaCl2 x 6 H2O,MAPPED,CaCl2 x 6 H2O,CHEBI,EXACT_MATCH,42,42
MediaIngredientMech:000328,CHEBI:32150,Na2S2O3·5H2O,MAPPED,sodium thiosulfate pentahydrate,CHEBI,EXACT_MATCH,42,42
MediaIngredientMech:000329,CHEBI:86249,FeCl2·4H2O,MAPPED,iron dichloride tetrahydrate,CHEBI,EXACT_MATCH,42,42
MediaIngredientMech:000330,CHEBI:75215,Na2MoO4,MAPPED,Na2MoO4,CHEBI,EXACT_MATCH,41,41
MediaIngredientMech:000331,CHEBI:86481,Sodium thioglycolate,MAPPED,Sodium thioglycolate,CHEBI,EXACT_MATCH,41,41
MediaIngredientMech:000332,CHEBI:18320,DL-Dithiothreitol,MAPPED,DL-Dithiothreitol,CHEBI,EXACT_MATCH,41,41
MediaIngredientMech:000333,CHEBI:17439,Cyanocobalamin,MAPPED,Cyanocobalamin,CHEBI,EXACT_MATCH,41,41
MediaIngredientMech:000334,CHEBI:64700,Trimethylamine-HCl,MAPPED,,CHEBI,EXACT_MATCH,41,41
MediaIngredientMech:000335,CHEBI:63037,(NH4)3 citrate,MAPPED,(NH4)3 citrate,CHEBI,EXACT_MATCH,40,40
MediaIngredientMech:000336,CHEBI:17836,p-Aminobenzoate,MAPPED,p-Aminobenzoate,CHEBI,EXACT_MATCH,39,39
MediaIngredientMech:000337,CHEBI:23414,CuSO4,MAPPED,copper(II) sulfate,CHEBI,EXACT_MATCH,38,38
MediaIngredientMech:000338,CHEBI:15377,distilled water,MAPPED,Distilled water,CHEBI,EXACT_MATCH,38,38
MediaIngredientMech:000339,CHEBI:17716,Lactose,MAPPED,Lactose,CHEBI,EXACT_MATCH,38,38
MediaIngredientMech:000340,CHEBI:30808,FeCl3,MAPPED,FeCl3,CHEBI,EXACT_MATCH,38,38
MediaIngredientMech:000341,CHEBI:29016,Arginine,MAPPED,Arginine,CHEBI,EXACT_MATCH,37,37
MediaIngredientMech:000342,CHEBI:15366,Acetic acid,MAPPED,Acetic acid,CHEBI,EXACT_MATCH,36,36
MediaIngredientMech:000343,CHEBI:86360,MnSO4,MAPPED,MnSO4,CHEBI,EXACT_MATCH,36,36
MediaIngredientMech:000344,CHEBI:15824,D-Fructose,MAPPED,D-Fructose,CHEBI,EXACT_MATCH,36,36
MediaIngredientMech:000345,CHEBI:17015,Riboflavine,MAPPED,Riboflavine,CHEBI,EXACT_MATCH,34,34
MediaIngredientMech:000346,CHEBI:27897,Tryptophan,MAPPED,Tryptophan,CHEBI,EXACT_MATCH,34,34
MediaIngredientMech:000347,CHEBI:59640,N-Acetylglucosamine,MAPPED,N-Acetylglucosamine,CHEBI,EXACT_MATCH,33,33
MediaIngredientMech:000348,CHEBI:30729,Fe(III)-EDTA,MAPPED,Fe(III)-EDTA,CHEBI,EXACT_MATCH,33,33
MediaIngredientMech:000349,CHEBI:132106,Na-propionate,MAPPED,Na-propionate,CHEBI,EXACT_MATCH,32,32
MediaIngredientMech:000350,CHEBI:8150,Bacto Soytone,MAPPED,,CHEBI,EXACT_MATCH,32,32
MediaIngredientMech:000351,CHEBI:18246,Cellulose,MAPPED,Cellulose,CHEBI,EXACT_MATCH,32,32
MediaIngredientMech:000352,CHEBI:232798,Na-L-lactate,MAPPED,,CHEBI,EXACT_MATCH,31,31
MediaIngredientMech:000353,CHEBI:17418,n-Valeric acid,MAPPED,n-Valeric acid,CHEBI,EXACT_MATCH,31,31
MediaIngredientMech:000354,CHEBI:86465,KAl(SO4)2 x 12 H2O,MAPPED,potassium aluminium sulfate dodecahydrate,CHEBI,EXACT_MATCH,31,31
MediaIngredientMech:000355,CHEBI:27570,Histidine,MAPPED,Histidine,CHEBI,EXACT_MATCH,31,31
MediaIngredientMech:000356,CHEBI:16454,Pantothenate,MAPPED,Pantothenate,CHEBI,EXACT_MATCH,31,31
MediaIngredientMech:000357,CHEBI:91245,CuCl2 x 5 H2O,MAPPED,CuCl2 x 5 H2O,CHEBI,EXACT_MATCH,29,29
MediaIngredientMech:000358,CHEBI:76208,Na2S,MAPPED,sodium sulfide (anhydrous),CHEBI,EXACT_MATCH,29,29
MediaIngredientMech:000359,CHEBI:42758,glucose,MAPPED,aldehydo-D-glucose,CHEBI,EXACT_MATCH,29,29
MediaIngredientMech:000360,CHEBI:37585,NaH2PO4 x 2 H2O,MAPPED,NaH2PO4 x 2 H2O,CHEBI,EXACT_MATCH,29,29
MediaIngredientMech:000361,CHEBI:16015,L-Glutamic acid,MAPPED,L-Glutamic acid,CHEBI,EXACT_MATCH,28,28
MediaIngredientMech:000362,CHEBI:30115,AlCl3 x 6 H2O,MAPPED,AlCl3 x 6 H2O,CHEBI,EXACT_MATCH,28,28
MediaIngredientMech:000363,CHEBI:87020,VOSO4 x n H2O,MAPPED,VOSO4 x n H2O,CHEBI,EXACT_MATCH,28,28
MediaIngredientMech:000364,CHEBI:30314,Thioctic acid,MAPPED,(R)-lipoic acid,CHEBI,EXACT_MATCH,28,28
MediaIngredientMech:000365,CHEBI:63076,(NH4)2 citrate,MAPPED,,CHEBI,EXACT_MATCH,27,27
MediaIngredientMech:000366,CHEBI:30768,Propionic acid,MAPPED,Propionic acid,CHEBI,EXACT_MATCH,26,26
MediaIngredientMech:000367,CHEBI:15361,Pyruvate,MAPPED,Pyruvate,CHEBI,EXACT_MATCH,26,26
MediaIngredientMech:000368,CHEBI:41131,Crotonic acid,MAPPED,Crotonic acid,CHEBI,EXACT_MATCH,26,26
MediaIngredientMech:000369,CHEBI:3463,Catalase,MAPPED,Catalase,CHEBI,EXACT_MATCH,26,26
MediaIngredientMech:000370,CHEBI:9754,Tris base,MAPPED,Tris base,CHEBI,EXACT_MATCH,26,26
MediaIngredientMech:000371,CHEBI:17905,2-Mercaptoethanesulfonate,MAPPED,2-Mercaptoethanesulfonate,CHEBI,EXACT_MATCH,25,25
MediaIngredientMech:000372,CHEBI:35696,CoCl2,MAPPED,CoCl2,CHEBI,EXACT_MATCH,25,25
MediaIngredientMech:000373,CHEBI:15741,Succinic acid,MAPPED,Succinic acid,CHEBI,EXACT_MATCH,25,25
MediaIngredientMech:000374,CHEBI:30742,Ethylene glycol,MAPPED,Ethylene glycol,CHEBI,EXACT_MATCH,25,25
MediaIngredientMech:000375,CHEBI:53001,NiSO4 x 6 H2O,MAPPED,NiSO4 x 6 H2O,CHEBI,EXACT_MATCH,25,25
MediaIngredientMech:000376,CHEBI:61278,Na2S2O4,MAPPED,Na2S2O4,CHEBI,EXACT_MATCH,25,25
MediaIngredientMech:000377,CHEBI:63125,Na3-EDTA,MAPPED,Na3-EDTA,CHEBI,EXACT_MATCH,25,25
MediaIngredientMech:000378,CHEBI:503742,iso-Valeric acid,MAPPED,iso-Valeric acid,CHEBI,EXACT_MATCH,24,24
MediaIngredientMech:000379,CHEBI:113455,Na-benzoate,MAPPED,Na-benzoate,CHEBI,EXACT_MATCH,24,24
MediaIngredientMech:000380,CHEBI:31795,MgSO4.7H2O,MAPPED,magnesium sulfate heptahydrate,CHEBI,EXACT_MATCH,24,24
MediaIngredientMech:000381,CHEBI:16811,DL-methionine,MAPPED,DL-Methionine,CHEBI,EXACT_MATCH,24,24
MediaIngredientMech:000382,CHEBI:131524,MnSO4 x 5 H2O,MAPPED,MnSO4 x 5 H2O,CHEBI,EXACT_MATCH,23,23
MediaIngredientMech:000383,CHEBI:30627,MoO3,MAPPED,MoO3,CHEBI,EXACT_MATCH,23,23
MediaIngredientMech:000384,CHEBI:16135,iso-Butyric acid,MAPPED,iso-Butyric acid,CHEBI,EXACT_MATCH,23,23
MediaIngredientMech:000385,CHEBI:62476,(NH4)2HPO4,MAPPED,(NH4)2HPO4,CHEBI,EXACT_MATCH,23,23
MediaIngredientMech:000386,CHEBI:53470,CoSO4,MAPPED,CoSO4,CHEBI,EXACT_MATCH,23,23
MediaIngredientMech:000387,CHEBI:78870,NaNO2,MAPPED,NaNO2,CHEBI,EXACT_MATCH,23,23
MediaIngredientMech:000388,CHEBI:63005,Sodium nitrate,MAPPED,Sodium nitrate,CHEBI,EXACT_MATCH,22,22
MediaIngredientMech:000389,CHEBI:52891,Cysteine-HCl,MAPPED,Cysteine-HCl,CHEBI,EXACT_MATCH,22,22
MediaIngredientMech:000390,CHEBI:22653,Asparagine,MAPPED,Asparagine,CHEBI,EXACT_MATCH,22,22
MediaIngredientMech:000391,CHEBI:115156,Sodium fumarate,MAPPED,Sodium fumarate,CHEBI,EXACT_MATCH,22,22
MediaIngredientMech:000392,CHEBI:17905,Coenzyme M,MAPPED,Coenzyme M,CHEBI,EXACT_MATCH,21,21
MediaIngredientMech:000393,CHEBI:37585,NaH2PO4 x H2O,MAPPED,NaH2PO4 x H2O,CHEBI,EXACT_MATCH,21,21
MediaIngredientMech:000394,CHEBI:30772,Butyric acid,MAPPED,Butyric acid,CHEBI,EXACT_MATCH,21,21
MediaIngredientMech:000395,CHEBI:37070,2-Methylbutyric acid,MAPPED,2-Methylbutyric acid,CHEBI,EXACT_MATCH,21,21
MediaIngredientMech:000396,CHEBI:26271,Proline,MAPPED,Proline,CHEBI,EXACT_MATCH,21,21
MediaIngredientMech:000397,CHEBI:36272,H2WO4,MAPPED,tungstic acid,CHEBI,EXACT_MATCH,21,21
MediaIngredientMech:000398,CHEBI:32954,Na acetate,MAPPED,Na acetate,CHEBI,EXACT_MATCH,21,21
MediaIngredientMech:000399,CHEBI:113246,Pyruvic acid sodium salt,MAPPED,Pyruvic acid sodium salt,CHEBI,EXACT_MATCH,21,21
MediaIngredientMech:000400,CHEBI:63076,Diammonium hydrogen citrate,MAPPED,diammonium citrate,CHEBI,EXACT_MATCH,20,20
MediaIngredientMech:000401,CHEBI:49105,Thiamine hydrochloride,MAPPED,Thiamine hydrochloride,CHEBI,EXACT_MATCH,20,20
MediaIngredientMech:000402,CHEBI:75228,Na-lactate,MAPPED,Na-lactate,CHEBI,EXACT_MATCH,20,20
MediaIngredientMech:000403,CHEBI:16977,L-Alanine,MAPPED,L-Alanine,CHEBI,EXACT_MATCH,20,20
MediaIngredientMech:000404,CHEBI:9754,Tris,MAPPED,Tris,CHEBI,EXACT_MATCH,20,20
MediaIngredientMech:000405,CHEBI:26710,Sodium Chloride,MAPPED,Sodium Chloride,CHEBI,EXACT_MATCH,20,20
MediaIngredientMech:000406,CHEBI:64734,2Na-EDTA,MAPPED,EDTA disodium salt (anhydrous),CHEBI,EXACT_MATCH,20,20
MediaIngredientMech:000407,CHEBI:37166,Xylan,MAPPED,Xylan,CHEBI,EXACT_MATCH,20,20
MediaIngredientMech:000408,CHEBI:2511,Agarose,MAPPED,Agarose,CHEBI,EXACT_MATCH,20,20
MediaIngredientMech:000409,CHEBI:53438,Fe2(SO4)3 x n H2O,MAPPED,Fe2(SO4)3 x n H2O,CHEBI,EXACT_MATCH,20,20
MediaIngredientMech:000410,CHEBI:17268,myo-Inositol,MAPPED,Myo-inositol,CHEBI,EXACT_MATCH,20,20
MediaIngredientMech:000411,CHEBI:32599,MgSO4 x 6 H2O,MAPPED,MgSO4 x 6 H2O,CHEBI,EXACT_MATCH,19,19
MediaIngredientMech:000412,CHEBI:184335,NH4HCO3,MAPPED,,CHEBI,EXACT_MATCH,19,19
MediaIngredientMech:000413,CHEBI:75213,Na2 MoO4 x 2 H2O,MAPPED,Na2 MoO4 x 2 H2O,CHEBI,EXACT_MATCH,19,19
MediaIngredientMech:000414,CHEBI:15377,Distilled Water,MAPPED,Distilled water,CHEBI,EXACT_MATCH,19,19
MediaIngredientMech:000415,CHEBI:86466,K2S4O6,MAPPED,,CHEBI,EXACT_MATCH,18,18
MediaIngredientMech:000416,CHEBI:31604,Fe(NH4)citrate,MAPPED,Fe(NH4)citrate,CHEBI,EXACT_MATCH,18,18
MediaIngredientMech:000417,CHEBI:131529,Pyridoxal hydrochloride,MAPPED,Pyridoxal hydrochloride,CHEBI,EXACT_MATCH,18,18
MediaIngredientMech:000418,CHEBI:72449,Malachite green,MAPPED,Malachite green,CHEBI,EXACT_MATCH,18,18
MediaIngredientMech:000419,CHEBI:131394,MgCl2 x 2 H2O,MAPPED,MgCl2 x 2 H2O,CHEBI,EXACT_MATCH,18,18
MediaIngredientMech:000420,CHEBI:26806,Succinate,MAPPED,Succinate,CHEBI,EXACT_MATCH,18,18
MediaIngredientMech:000421,CHEBI:24848,Inositol,MAPPED,Inositol,CHEBI,EXACT_MATCH,18,18
MediaIngredientMech:000422,CHEBI:34683,Na2HPO4 x 7 H2O,MAPPED,Na2HPO4 x 7 H2O,CHEBI,EXACT_MATCH,17,17
MediaIngredientMech:000423,CHEBI:31440,CuSO4 . 5H2O,MAPPED,copper(II) sulfate pentahydrate,CHEBI,EXACT_MATCH,17,17
MediaIngredientMech:000424,CHEBI:45296,Hexadecane,MAPPED,Hexadecane,CHEBI,EXACT_MATCH,17,17
MediaIngredientMech:000425,CHEBI:15956,Biotine,MAPPED,Biotine,CHEBI,EXACT_MATCH,17,17
MediaIngredientMech:000426,CHEBI:19708,HEPES buffer,MAPPED,HEPES buffer,CHEBI,EXACT_MATCH,17,17
MediaIngredientMech:000427,CHEBI:131378,Fe(NH4)2(SO4)2 x 7 H2O,MAPPED,Fe(NH4)2(SO4)2 x 7 H2O,CHEBI,EXACT_MATCH,17,17
MediaIngredientMech:000428,CHEBI:15940,Niacin,MAPPED,nicotinic acid,CHEBI,EXACT_MATCH,17,17
MediaIngredientMech:000429,CHEBI:76181,Fe(NH4)2(SO4)2·6H2O,MAPPED,,CHEBI,EXACT_MATCH,16,16
MediaIngredientMech:000430,CHEBI:28971,Ampicillin,MAPPED,Ampicillin,CHEBI,EXACT_MATCH,16,16
MediaIngredientMech:000431,CHEBI:18290,Thiamine pyrophosphate,MAPPED,Thiamine pyrophosphate,CHEBI,EXACT_MATCH,16,16
MediaIngredientMech:000432,CHEBI:64220,Sodium Glutamate,MAPPED,monosodium glutamate,CHEBI,EXACT_MATCH,16,16
MediaIngredientMech:000433,CHEBI:81862,KHCO3,MAPPED,KHCO3,CHEBI,EXACT_MATCH,16,16
MediaIngredientMech:000434,CHEBI:26642,H2SeO3,MAPPED,H2SeO3,CHEBI,EXACT_MATCH,16,16
MediaIngredientMech:000435,CHEBI:15956,D(+)-Biotin,MAPPED,biotin,CHEBI,EXACT_MATCH,16,16
MediaIngredientMech:000436,CHEBI:86356,MnSO4 x 2 H2O,MAPPED,MnSO4 x 2 H2O,CHEBI,EXACT_MATCH,16,16
MediaIngredientMech:000437,CHEBI:133341,Choline chloride,MAPPED,choline chloride,CHEBI,EXACT_MATCH,16,16
MediaIngredientMech:000438,CHEBI:15956,D-Biotin,MAPPED,D-Biotin,CHEBI,EXACT_MATCH,16,16
MediaIngredientMech:000439,CHEBI:2509,Marine agar 2216,MAPPED,Marine agar 2216,CHEBI,EXACT_MATCH,16,16
MediaIngredientMech:000440,CHEBI:86477,Na2SO3,MAPPED,sodium sulfite,CHEBI,EXACT_MATCH,15,15
MediaIngredientMech:000441,CHEBI:44115,MOPS buffer,MAPPED,,CHEBI,EXACT_MATCH,15,15
MediaIngredientMech:000442,CHEBI:63038,Ammonium nitrate,MAPPED,Ammonium nitrate,CHEBI,EXACT_MATCH,15,15
MediaIngredientMech:000443,CHEBI:8150,Soytone,MAPPED,,CHEBI,EXACT_MATCH,15,15
MediaIngredientMech:000444,CHEBI:132108,Na2SiO3 x 9 H2O,MAPPED,Na2SiO3 x 9 H2O,CHEBI,EXACT_MATCH,15,15
MediaIngredientMech:000445,CHEBI:75836,FeSO4.7H2O,MAPPED,iron(2+) sulfate heptahydrate,CHEBI,EXACT_MATCH,15,15
MediaIngredientMech:000446,CHEBI:132112,Sodium Thiosulfate,MAPPED,Sodium Thiosulfate,CHEBI,EXACT_MATCH,15,15
MediaIngredientMech:000447,CHEBI:30911,Sorbitol,MAPPED,Sorbitol,CHEBI,EXACT_MATCH,15,15
MediaIngredientMech:000448,CHEBI:18222,Xylose,MAPPED,Xylose,CHEBI,EXACT_MATCH,15,15
MediaIngredientMech:000449,CHEBI:63017,Sodium tartrate,MAPPED,Sodium tartrate,CHEBI,EXACT_MATCH,15,15
MediaIngredientMech:000450,CHEBI:91261,Sodium malate,MAPPED,Sodium malate,CHEBI,EXACT_MATCH,14,14
MediaIngredientMech:000451,CHEBI:867561,L-Sodium lactate,MAPPED,L-Sodium lactate,CHEBI,EXACT_MATCH,14,14
MediaIngredientMech:000452,CHEBI:64734,Na-EDTA x 2 H2O,MAPPED,Na-EDTA x 2 H2O,CHEBI,EXACT_MATCH,14,14
MediaIngredientMech:000453,CHEBI:17750,Betaine x H2O,MAPPED,Betaine x H2O,CHEBI,EXACT_MATCH,14,14
MediaIngredientMech:000454,CHEBI:113451,Na-ascorbate,MAPPED,Na-ascorbate,CHEBI,EXACT_MATCH,14,14
MediaIngredientMech:000455,CHEBI:132095,NaVO3 x H2O,MAPPED,NaVO3 x H2O,CHEBI,EXACT_MATCH,14,14
MediaIngredientMech:000456,CHEBI:85248,Gelrite,MAPPED,Gelrite,CHEBI,EXACT_MATCH,14,14
MediaIngredientMech:000457,CHEBI:75836,Fe SO4 x 7 H2O,MAPPED,Fe SO4 x 7 H2O,CHEBI,EXACT_MATCH,14,14
MediaIngredientMech:000458,CHEBI:18237,Glutamic acid,MAPPED,Glutamic acid,CHEBI,EXACT_MATCH,13,13
MediaIngredientMech:000459,CHEBI:91248,Cysteine hydrochloride,MAPPED,Cysteine hydrochloride,CHEBI,EXACT_MATCH,13,13
MediaIngredientMech:000460,CHEBI:30753,PABA,MAPPED,4-aminobenzoic acid,CHEBI,EXACT_MATCH,13,13
MediaIngredientMech:000461,CHEBI:34887,NiCl2 x 2 H2O,MAPPED,NiCl2 x 2 H2O,CHEBI,EXACT_MATCH,13,13
MediaIngredientMech:000462,CHEBI:3448,Casein,MAPPED,Casein,CHEBI,EXACT_MATCH,13,13
MediaIngredientMech:000463,CHEBI:36385,SrCl2·6H2O,MAPPED,strontium dichloride hexahydrate,CHEBI,EXACT_MATCH,13,13
MediaIngredientMech:000464,CHEBI:18320,Dithiothreitol,MAPPED,Dithiothreitol,CHEBI,EXACT_MATCH,13,13
MediaIngredientMech:000465,CHEBI:32583,CaSO4·2H2O,MAPPED,calcium sulfate dihydrate,CHEBI,EXACT_MATCH,13,13
MediaIngredientMech:000466,CHEBI:16856,Glutathione,MAPPED,glutathione,CHEBI,EXACT_MATCH,13,13
MediaIngredientMech:000467,CHEBI:65327,D-Xylose,MAPPED,D-Xylose,CHEBI,EXACT_MATCH,13,13
MediaIngredientMech:000468,CHEBI:17596,Inosin,MAPPED,Inosin,CHEBI,EXACT_MATCH,13,13
MediaIngredientMech:000469,CHEBI:16196,Oleic acid,MAPPED,Oleic acid,CHEBI,EXACT_MATCH,13,13
MediaIngredientMech:000470,CHEBI:77732,Ca(NO3)2,MAPPED,cadmium nitrate,CHEBI,EXACT_MATCH,13,13
MediaIngredientMech:000471,CHEBI:30772,n-Butyric acid,MAPPED,n-Butyric acid,CHEBI,EXACT_MATCH,13,13
MediaIngredientMech:000472,CHEBI:15377,Demineralized water,MAPPED,Demineralized water,CHEBI,EXACT_MATCH,13,13
MediaIngredientMech:000473,CHEBI:86149,(NH4)2Ni(SO4)2·6H2O,MAPPED,ammonium nickel sulfate hexahydrate,CHEBI,EXACT_MATCH,13,13
MediaIngredientMech:000474,CHEBI:39005,MES [2-(N-morpholino) ethane sulfonic acid],MAPPED,2-(N-morpholino)ethanesulfonic acid,CHEBI,EXACT_MATCH,13,13
MediaIngredientMech:000475,CHEBI:29377,Sodium carbonate,MAPPED,sodium carbonate,CHEBI,EXACT_MATCH,12,12
MediaIngredientMech:000476,CHEBI:32312,ZnSO4.7H2O,MAPPED,zinc sulfate heptahydrate,CHEBI,EXACT_MATCH,12,12
MediaIngredientMech:000477,CHEBI:50144,Na pyruvate,MAPPED,Na pyruvate,CHEBI,EXACT_MATCH,12,12
MediaIngredientMech:000478,CHEBI:86149,(NH4)2Ni(SO4)2,MAPPED,(NH4)2Ni(SO4)2,CHEBI,EXACT_MATCH,12,12
MediaIngredientMech:000479,CHEBI:132758,VOSO4 x 5 H2O,MAPPED,VOSO4 x 5 H2O,CHEBI,EXACT_MATCH,12,12
MediaIngredientMech:000480,CHEBI:34683,Disodium Phosphate,MAPPED,disodium hydrogenphosphate,CHEBI,EXACT_MATCH,12,12
MediaIngredientMech:000481,CHEBI:64103,Na-butyrate,MAPPED,Na-butyrate,CHEBI,EXACT_MATCH,12,12
MediaIngredientMech:000482,CHEBI:62946,Ammonium Sulfate,MAPPED,ammonium sulfate,CHEBI,EXACT_MATCH,12,12
MediaIngredientMech:000483,CHEBI:115156,Disodium fumarate,MAPPED,Disodium fumarate,CHEBI,EXACT_MATCH,12,12
MediaIngredientMech:000484,CHEBI:86158,Calcium Chloride,MAPPED,calcium chloride dihydrate,CHEBI,EXACT_MATCH,12,12
MediaIngredientMech:000485,CHEBI:63036,Monopotassium Phosphate,MAPPED,potassium dihydrogen phosphate,CHEBI,EXACT_MATCH,12,12
MediaIngredientMech:000486,CHEBI:132089,Sodium beta-glycerophosphate,MAPPED,Sodium beta-glycerophosphate,CHEBI,EXACT_MATCH,12,12
MediaIngredientMech:000487,CHEBI:31695,Indigocarmine,MAPPED,Indigocarmine,CHEBI,EXACT_MATCH,12,12
MediaIngredientMech:000488,CHEBI:50144,sodium pyruvate,MAPPED,sodium pyruvate,CHEBI,EXACT_MATCH,12,12
MediaIngredientMech:000489,CHEBI:32142,Na3-citrate x 2 H2O,MAPPED,,CHEBI,EXACT_MATCH,11,11
MediaIngredientMech:000490,CHEBI:6636,MgCl2 x 7 H2O,MAPPED,magnesium dichloride,CHEBI,EXACT_MATCH,11,11
MediaIngredientMech:000491,CHEBI:30776,Caproic acid,MAPPED,Caproic acid,CHEBI,EXACT_MATCH,11,11
MediaIngredientMech:000492,CHEBI:32150,Sodium thiosulfate pentahydrate,MAPPED,Sodium thiosulfate pentahydrate,CHEBI,EXACT_MATCH,11,11
MediaIngredientMech:000493,CHEBI:64243,Sodium glutamate monohydrate,MAPPED,Sodium glutamate monohydrate,CHEBI,EXACT_MATCH,11,11
MediaIngredientMech:000494,CHEBI:34683,Na2HPO4 x H2O,MAPPED,Na2HPO4 x H2O,CHEBI,EXACT_MATCH,11,11
MediaIngredientMech:000495,CHEBI:2509,Bacto Middlebrook 7H10 agar,MAPPED,Bacto Middlebrook 7H10 agar,CHEBI,EXACT_MATCH,11,11
MediaIngredientMech:000496,CHEBI:66870,Sodium dithionite,MAPPED,Sodium dithionite,CHEBI,EXACT_MATCH,11,11
MediaIngredientMech:000497,CHEBI:65242,NaClO3,MAPPED,,CHEBI,EXACT_MATCH,11,11
MediaIngredientMech:000498,CHEBI:75213,Na2MoO4.2H2O,MAPPED,sodium molybdate dihydrate,CHEBI,EXACT_MATCH,11,11
MediaIngredientMech:000499,CHEBI:91257,Na2HAsO4 x 7 H2O,MAPPED,Na2HAsO4 x 7 H2O,CHEBI,EXACT_MATCH,11,11
MediaIngredientMech:000500,CHEBI:17268,Myo-inositol,MAPPED,Myo-inositol,CHEBI,EXACT_MATCH,11,11
MediaIngredientMech:000501,CHEBI:17568,Uracil,MAPPED,Uracil,CHEBI,EXACT_MATCH,11,11
MediaIngredientMech:000502,CHEBI:30753,Para-aminobenzoic acid,MAPPED,Para-aminobenzoic acid,CHEBI,EXACT_MATCH,11,11
MediaIngredientMech:000503,CHEBI:17821,Thymine,MAPPED,Thymine,CHEBI,EXACT_MATCH,11,11
MediaIngredientMech:000504,CHEBI:3312,CaCl2 x H2O,MAPPED,CaCl2 x H2O,CHEBI,EXACT_MATCH,10,10
MediaIngredientMech:000505,CHEBI:8346,Potassium iodide,MAPPED,Potassium iodide,CHEBI,EXACT_MATCH,10,10
MediaIngredientMech:000506,CHEBI:39035,TES,MAPPED,TES,CHEBI,EXACT_MATCH,10,10
MediaIngredientMech:000507,CHEBI:63675,Sodium Succinate,MAPPED,sodium succinate (anhydrous),CHEBI,EXACT_MATCH,10,10
MediaIngredientMech:000508,CHEBI:75832,FeSO4 x 6 H2O,MAPPED,FeSO4 x 6 H2O,CHEBI,EXACT_MATCH,10,10
MediaIngredientMech:000509,CHEBI:115156,Na-fumarate,MAPPED,Na-fumarate,CHEBI,EXACT_MATCH,10,10
MediaIngredientMech:000510,CHEBI:50385,haemin,MAPPED,Haemin,CHEBI,EXACT_MATCH,10,10
MediaIngredientMech:000511,CHEBI:17578,Toluene,MAPPED,Toluene,CHEBI,EXACT_MATCH,10,10
MediaIngredientMech:000512,CHEBI:25548,Nitrilotriacetate,MAPPED,Nitrilotriacetate,CHEBI,EXACT_MATCH,10,10
MediaIngredientMech:000513,CHEBI:84015,TAPSO,MAPPED,TAPSO,CHEBI,EXACT_MATCH,10,10
MediaIngredientMech:000514,CHEBI:113451,Sodium ascorbate,MAPPED,Sodium ascorbate,CHEBI,EXACT_MATCH,10,10
MediaIngredientMech:000515,CHEBI:62982,NH4H2PO4,MAPPED,,CHEBI,EXACT_MATCH,10,10
MediaIngredientMech:000516,CHEBI:48607,LiCl,MAPPED,lithium chloride,CHEBI,EXACT_MATCH,10,10
MediaIngredientMech:000517,CHEBI:131383,"2,2,4,4,6,8,8-Heptamethylnonane",MAPPED,"2,2,4,4,6,8,8-Heptamethylnonane",CHEBI,EXACT_MATCH,10,10
MediaIngredientMech:000518,CHEBI:32142,Sodium Citrate,MAPPED,sodium citrate dihydrate,CHEBI,EXACT_MATCH,10,10
MediaIngredientMech:000519,CHEBI:31604,Ammonium ferric citrate,MAPPED,Ammonium ferric citrate,CHEBI,EXACT_MATCH,10,10
MediaIngredientMech:000520,CHEBI:113455,Sodium benzoate,MAPPED,sodium benzoate,CHEBI,EXACT_MATCH,10,10
MediaIngredientMech:000521,CHEBI:28484,3-Methylbutyric acid,MAPPED,3-Methylbutyric acid,CHEBI,EXACT_MATCH,10,10
MediaIngredientMech:000522,CHEBI:30812,FeCl2,MAPPED,FeCl2,CHEBI,EXACT_MATCH,10,10
MediaIngredientMech:000523,CHEBI:28260,Galactose,MAPPED,galactose,CHEBI,EXACT_MATCH,10,10
MediaIngredientMech:000524,CHEBI:91261,Sodium DL-malate,MAPPED,Sodium DL-malate,CHEBI,EXACT_MATCH,9,9
MediaIngredientMech:000525,CHEBI:86214,Co(NO3)2·6H2O,MAPPED,cobalt dinitrate hexahydrate,CHEBI,EXACT_MATCH,9,9
MediaIngredientMech:000526,CHEBI:29073,L-Ascorbic acid,MAPPED,L-Ascorbic acid,CHEBI,EXACT_MATCH,9,9
MediaIngredientMech:000527,CHEBI:17201,Glycyl-glycine,MAPPED,Glycyl-glycine,CHEBI,EXACT_MATCH,9,9
MediaIngredientMech:000528,CHEBI:31346,CaSO4,MAPPED,CaSO4,CHEBI,EXACT_MATCH,9,9
MediaIngredientMech:000529,CHEBI:64103,Sodium butyrate,MAPPED,Sodium butyrate,CHEBI,EXACT_MATCH,9,9
MediaIngredientMech:000530,CHEBI:49105,Thiamin-HCl,MAPPED,thiamine hydrochloride,CHEBI,EXACT_MATCH,9,9
MediaIngredientMech:000531,CHEBI:17309,Pectin,MAPPED,Pectin,CHEBI,EXACT_MATCH,9,9
MediaIngredientMech:000532,CHEBI:32150,NaS2O3 x 5 H2O,MAPPED,,CHEBI,EXACT_MATCH,9,9
MediaIngredientMech:000533,CHEBI:28869,Menadione,MAPPED,Menadione,CHEBI,EXACT_MATCH,9,9
MediaIngredientMech:000534,CHEBI:2509,Corn meal agar,MAPPED,Corn meal agar,CHEBI,EXACT_MATCH,9,9
MediaIngredientMech:000535,CHEBI:31440,CuSO4.5H2O,MAPPED,copper(II) sulfate pentahydrate,CHEBI,EXACT_MATCH,9,9
MediaIngredientMech:000536,CHEBI:64175,Ethanol absolute,MAPPED,Ethanol absolute,CHEBI,EXACT_MATCH,8,8
MediaIngredientMech:000537,CHEBI:17300,Tetrachloroethene,MAPPED,tetrachloroethene,CHEBI,EXACT_MATCH,8,8
MediaIngredientMech:000538,CHEBI:16899,D-Mannitol,MAPPED,D-Mannitol,CHEBI,EXACT_MATCH,8,8
MediaIngredientMech:000539,CHEBI:17154,Nicotinic acid amide,MAPPED,Nicotinic acid amide,CHEBI,EXACT_MATCH,8,8
MediaIngredientMech:000540,CHEBI:867561,Sodium L-lactate,MAPPED,Sodium L-lactate,CHEBI,EXACT_MATCH,8,8
MediaIngredientMech:000541,CHEBI:31604,Ferric Ammonium Citrate,MAPPED,ferric ammonium citrate,CHEBI,EXACT_MATCH,8,8
MediaIngredientMech:000542,CHEBI:18385,Thiamin,MAPPED,Thiamin,CHEBI,EXACT_MATCH,8,8
MediaIngredientMech:000543,CHEBI:2509,R2A agar,MAPPED,R2A agar,CHEBI,EXACT_MATCH,8,8
MediaIngredientMech:000544,CHEBI:26493,Quinic acid,MAPPED,Quinic acid,CHEBI,EXACT_MATCH,8,8
MediaIngredientMech:000545,CHEBI:27082,Trehalose,MAPPED,Trehalose,CHEBI,EXACT_MATCH,8,8
MediaIngredientMech:000546,CHEBI:59337,Methylamine hydrochloride,MAPPED,Methylamine hydrochloride,CHEBI,EXACT_MATCH,8,8
MediaIngredientMech:000547,CHEBI:8006,N-Acetyl-D-glucosamine,MAPPED,Peptidoglycan(N-acetyl-D-glucosamine),CHEBI,EXACT_MATCH,8,8
MediaIngredientMech:000548,CHEBI:34887,NiCl2,MAPPED,NiCl2,CHEBI,EXACT_MATCH,8,8
MediaIngredientMech:000549,CHEBI:131524,MnSO4·5H2O,MAPPED,manganese(II) sulfate pentahydrate,CHEBI,EXACT_MATCH,8,8
MediaIngredientMech:000550,CHEBI:28488,m-Xylene,MAPPED,m-Xylene,CHEBI,EXACT_MATCH,8,8
MediaIngredientMech:000551,CHEBI:32599,Magnesium Sulfate,MAPPED,magnesium sulfate,CHEBI,EXACT_MATCH,8,8
MediaIngredientMech:000552,CHEBI:32954,sodium acetate,MAPPED,sodium acetate,CHEBI,EXACT_MATCH,8,8
MediaIngredientMech:000553,CHEBI:16830,Methylamine,MAPPED,Methylamine,CHEBI,EXACT_MATCH,8,8
MediaIngredientMech:000554,CHEBI:38892,Na2B4O7,MAPPED,,CHEBI,EXACT_MATCH,8,8
MediaIngredientMech:000555,CHEBI:65994,ACES,MAPPED,ACES,CHEBI,EXACT_MATCH,8,8
MediaIngredientMech:000556,CHEBI:30753,p-aminobenzoic acid,MAPPED,4-aminobenzoic acid,CHEBI,EXACT_MATCH,8,8
MediaIngredientMech:000557,CHEBI:31206,(NH4)Cl,MAPPED,(NH4)Cl,CHEBI,EXACT_MATCH,7,7
MediaIngredientMech:000558,CHEBI:30753,4-Aminobenzoic Acid,MAPPED,4-Aminobenzoic Acid,CHEBI,EXACT_MATCH,7,7
MediaIngredientMech:000559,CHEBI:64220,Monosodium glutamate,MAPPED,monosodium glutamate,CHEBI,EXACT_MATCH,7,7
MediaIngredientMech:000560,CHEBI:3312,CaCl2 x 7 H2O,MAPPED,CaCl2 x 7 H2O,CHEBI,EXACT_MATCH,7,7
MediaIngredientMech:000561,CHEBI:24996,Lactate,MAPPED,Lactate,CHEBI,EXACT_MATCH,7,7
MediaIngredientMech:000562,CHEBI:16015,L-Glutamic Acid,MAPPED,L-glutamic acid,CHEBI,EXACT_MATCH,7,7
MediaIngredientMech:000563,CHEBI:37070,alpha-Methylbutyric acid,MAPPED,alpha-Methylbutyric acid,CHEBI,EXACT_MATCH,7,7
MediaIngredientMech:000564,CHEBI:16283,L-Cystine,MAPPED,L-Cystine,CHEBI,EXACT_MATCH,7,7
MediaIngredientMech:000565,CHEBI:18405,Pyridoxal phosphate,MAPPED,Pyridoxal phosphate,CHEBI,EXACT_MATCH,7,7
MediaIngredientMech:000566,CHEBI:30812,FeCl2 x 7 H2O,MAPPED,FeCl2 x 7 H2O,CHEBI,EXACT_MATCH,7,7
MediaIngredientMech:000567,CHEBI:18067,vitamin K1,MAPPED,Vitamin K1,CHEBI,EXACT_MATCH,7,7
MediaIngredientMech:000568,CHEBI:35696,CoCl2 x 4 H2O,MAPPED,CoCl2 x 4 H2O,CHEBI,EXACT_MATCH,7,7
MediaIngredientMech:000569,CHEBI:86481,Sodium thioglycollate,MAPPED,Sodium thioglycollate,CHEBI,EXACT_MATCH,7,7
MediaIngredientMech:000570,CHEBI:144421,Iron(III) citrate,MAPPED,Iron(III) citrate,CHEBI,EXACT_MATCH,7,7
MediaIngredientMech:000571,CHEBI:17561,Cysteine-HCl x H2O,MAPPED,L-cysteine,CHEBI,EXACT_MATCH,7,7
MediaIngredientMech:000572,CHEBI:64758,Na2EDTA·2H2O,MAPPED,EDTA disodium salt dihydrate,CHEBI,EXACT_MATCH,7,7
MediaIngredientMech:000573,CHEBI:86209,Co(NO3)2,MAPPED,Co(NO3)2,CHEBI,EXACT_MATCH,7,7
MediaIngredientMech:000574,CHEBI:60720,Sodium silicate,MAPPED,sodium silicate,CHEBI,EXACT_MATCH,7,7
MediaIngredientMech:000575,CHEBI:17748,Thymidine,MAPPED,Thymidine,CHEBI,EXACT_MATCH,7,7
MediaIngredientMech:000576,CHEBI:31235,L-Arginine x HCl,MAPPED,,CHEBI,EXACT_MATCH,7,7
MediaIngredientMech:000577,CHEBI:35176,Zinc Sulfate,MAPPED,zinc sulfate,CHEBI,EXACT_MATCH,7,7
MediaIngredientMech:000578,CHEBI:23414,Copper Sulfate,MAPPED,copper(II) sulfate,CHEBI,EXACT_MATCH,7,7
MediaIngredientMech:000579,CHEBI:53472,CuCl,MAPPED,CuCl,CHEBI,EXACT_MATCH,7,7
MediaIngredientMech:000580,CHEBI:32029,K-acetate,MAPPED,K-acetate,CHEBI,EXACT_MATCH,7,7
MediaIngredientMech:000581,CHEBI:86154,Bromocresol purple,MAPPED,Bromocresol purple,CHEBI,EXACT_MATCH,6,6
MediaIngredientMech:000582,CHEBI:6650,DL-Malic acid,MAPPED,DL-Malic acid,CHEBI,EXACT_MATCH,6,6
MediaIngredientMech:000583,CHEBI:17750,Betaine,MAPPED,Betaine,CHEBI,EXACT_MATCH,6,6
MediaIngredientMech:000584,CHEBI:60720,sodium silicate,MAPPED,Sodium silicate,CHEBI,EXACT_MATCH,6,6
MediaIngredientMech:000585,CHEBI:32138,Sodium acetate trihydrate,MAPPED,Sodium acetate trihydrate,CHEBI,EXACT_MATCH,6,6
MediaIngredientMech:000586,CHEBI:86159,Ca(NO3)2·4H2O,MAPPED,calcium nitrate tetrahydrate,CHEBI,EXACT_MATCH,6,6
MediaIngredientMech:000587,CHEBI:63317,BaCl2,MAPPED,BaCl2,CHEBI,EXACT_MATCH,6,6
MediaIngredientMech:000588,CHEBI:15978,glycerol,MAPPED,sn-glycerol 3-phosphate,CHEBI,EXACT_MATCH,6,6
MediaIngredientMech:000589,CHEBI:84997,Na-gluconate,MAPPED,Na-gluconate,CHEBI,EXACT_MATCH,6,6
MediaIngredientMech:000590,CHEBI:49553,CuCl2 x 6 H2O,MAPPED,CuCl2 x 6 H2O,CHEBI,EXACT_MATCH,6,6
MediaIngredientMech:000591,CHEBI:17306,Maltose x H2O,MAPPED,Maltose x H2O,CHEBI,EXACT_MATCH,6,6
MediaIngredientMech:000592,CHEBI:15346,Coenzyme A,MAPPED,Coenzyme A,CHEBI,EXACT_MATCH,6,6
MediaIngredientMech:000593,CHEBI:16238,FAD,MAPPED,FAD,CHEBI,EXACT_MATCH,6,6
MediaIngredientMech:000594,CHEBI:86360,MnSO4 x 1 H2O,MAPPED,MnSO4 x 1 H2O,CHEBI,EXACT_MATCH,6,6
MediaIngredientMech:000595,CHEBI:35899,Na-crotonate,MAPPED,Na-crotonate,CHEBI,EXACT_MATCH,6,6
MediaIngredientMech:000596,CHEBI:131526,K2CO3,MAPPED,K2CO3,CHEBI,EXACT_MATCH,6,6
MediaIngredientMech:000597,CHEBI:15377,H2O,MAPPED,water,CHEBI,EXACT_MATCH,6,6
MediaIngredientMech:000598,CHEBI:84997,Sodium gluconate,MAPPED,Sodium gluconate,CHEBI,EXACT_MATCH,6,6
MediaIngredientMech:000599,CHEBI:53001,NiSO4 x 7 H2O,MAPPED,NiSO4 x 7 H2O,CHEBI,EXACT_MATCH,6,6
MediaIngredientMech:000600,CHEBI:131527,Dipotassium Phosphate,MAPPED,Dipotassium Phosphate,CHEBI,EXACT_MATCH,6,6
MediaIngredientMech:000601,CHEBI:86345,MgCl2.6H2O,MAPPED,magnesium dichloride hexahydrate,CHEBI,EXACT_MATCH,6,6
MediaIngredientMech:000602,CHEBI:75834,FeSO4 x H2O,MAPPED,FeSO4 x H2O,CHEBI,EXACT_MATCH,6,6
MediaIngredientMech:000603,CHEBI:75228,1 M Sodium lactate,MAPPED,sodium lactate,CHEBI,EXACT_MATCH,6,6
MediaIngredientMech:000604,CHEBI:91261,Na2-DL-malate,MAPPED,Na2-DL-malate,CHEBI,EXACT_MATCH,6,6
MediaIngredientMech:000605,CHEBI:86360,MnSO4 x 7 H2O,MAPPED,MnSO4 x 7 H2O,CHEBI,EXACT_MATCH,6,6
MediaIngredientMech:000606,CHEBI:16024,D-Mannose,MAPPED,D-Mannose,CHEBI,EXACT_MATCH,6,6
MediaIngredientMech:000607,CHEBI:17905,2-Mercaptoethanesulfonic acid,MAPPED,2-Mercaptoethanesulfonic acid,CHEBI,EXACT_MATCH,6,6
MediaIngredientMech:000608,CHEBI:30951,KSCN,MAPPED,KSCN,CHEBI,EXACT_MATCH,6,6
MediaIngredientMech:000609,CHEBI:32599,MgSO4 x H2O,MAPPED,MgSO4 x H2O,CHEBI,EXACT_MATCH,6,6
MediaIngredientMech:000610,CHEBI:6650,Malic acid,MAPPED,Malic acid,CHEBI,EXACT_MATCH,6,6
MediaIngredientMech:000611,CHEBI:5291,Gelatine,MAPPED,Gelatine,CHEBI,EXACT_MATCH,6,6
MediaIngredientMech:000612,CHEBI:27418,"1,4-Naphthoquinone",MAPPED,"1,4-Naphthoquinone",CHEBI,EXACT_MATCH,6,6
MediaIngredientMech:000613,CHEBI:16634,Raffinose,MAPPED,raffinose,CHEBI,EXACT_MATCH,6,6
MediaIngredientMech:000614,CHEBI:31795,Magnesium sulfate heptahydrate,MAPPED,Magnesium sulfate heptahydrate,CHEBI,EXACT_MATCH,6,6
MediaIngredientMech:000615,CHEBI:64220,Na2-glutamate,MAPPED,Na2-glutamate,CHEBI,EXACT_MATCH,5,5
MediaIngredientMech:000616,CHEBI:75213,Na2MoSO4 x 2 H2O,MAPPED,,CHEBI,EXACT_MATCH,5,5
MediaIngredientMech:000617,CHEBI:86153,BaCl2 x 2 H2O,MAPPED,BaCl2 x 2 H2O,CHEBI,EXACT_MATCH,5,5
MediaIngredientMech:000618,CHEBI:17790,methanol,MAPPED,methanol,CHEBI,EXACT_MATCH,5,5
MediaIngredientMech:000619,CHEBI:65947,DL-Malate,MAPPED,DL-Malate,CHEBI,EXACT_MATCH,5,5
MediaIngredientMech:000620,CHEBI:91261,Na-malate,MAPPED,Na-malate,CHEBI,EXACT_MATCH,5,5
MediaIngredientMech:000621,CHEBI:16494,"DL-6,8-thioctic acid",MAPPED,"DL-6,8-thioctic acid",CHEBI,EXACT_MATCH,5,5
MediaIngredientMech:000622,CHEBI:17196,L-Asparagin,MAPPED,L-Asparagin,CHEBI,EXACT_MATCH,5,5
MediaIngredientMech:000623,CHEBI:62345,L-Rhamnose,MAPPED,L-Rhamnose,CHEBI,EXACT_MATCH,5,5
MediaIngredientMech:000624,CHEBI:41131,crotonic acid,MAPPED,crotonic acid,CHEBI,EXACT_MATCH,5,5
MediaIngredientMech:000625,CHEBI:50385,hemin,MAPPED,hemin,CHEBI,EXACT_MATCH,5,5
MediaIngredientMech:000626,CHEBI:14258,Sulfur powder,MAPPED,Sulfur powder,CHEBI,EXACT_MATCH,5,5
MediaIngredientMech:000627,CHEBI:31340,Ca-folinate,MAPPED,Ca-folinate,CHEBI,EXACT_MATCH,5,5
MediaIngredientMech:000628,CHEBI:17148,Putrescine,MAPPED,Putrescine,CHEBI,EXACT_MATCH,5,5
MediaIngredientMech:000629,CHEBI:17909,Sulphur,MAPPED,Sulphur,CHEBI,EXACT_MATCH,5,5
MediaIngredientMech:000630,CHEBI:63036,Potassium Phosphate,MAPPED,Potassium Phosphate,CHEBI,EXACT_MATCH,5,5
MediaIngredientMech:000631,CHEBI:114126,Na-caproate,MAPPED,Na-caproate,CHEBI,EXACT_MATCH,5,5
MediaIngredientMech:000632,CHEBI:18012,Fumaric acid,MAPPED,Fumaric acid,CHEBI,EXACT_MATCH,5,5
MediaIngredientMech:000633,CHEBI:9754,Tris buffer,MAPPED,Tris buffer,CHEBI,EXACT_MATCH,5,5
MediaIngredientMech:000634,CHEBI:42758,D-glucose,MAPPED,aldehydo-D-glucose,CHEBI,EXACT_MATCH,5,5
MediaIngredientMech:000635,CHEBI:41250,Bis-Tris,MAPPED,Bis-Tris,CHEBI,EXACT_MATCH,5,5
MediaIngredientMech:000636,CHEBI:12936,D-Galactose,MAPPED,D-Galactose,CHEBI,EXACT_MATCH,5,5
MediaIngredientMech:000637,CHEBI:75221,NaVO3,MAPPED,NaVO3,CHEBI,EXACT_MATCH,5,5
MediaIngredientMech:000638,CHEBI:29377,NaCO3,MAPPED,,CHEBI,EXACT_MATCH,5,5
MediaIngredientMech:000639,CHEBI:131527,Dipotassium hydrogen phosphate,MAPPED,dipotassium hydrogen phosphate,CHEBI,EXACT_MATCH,5,5
MediaIngredientMech:000640,CHEBI:15377,water,MAPPED,Water,CHEBI,EXACT_MATCH,5,5
MediaIngredientMech:000641,CHEBI:62965,Na-formiate,MAPPED,Na-formiate,CHEBI,EXACT_MATCH,5,5
MediaIngredientMech:000642,CHEBI:34535,Na-ampicillin,MAPPED,Na-ampicillin,CHEBI,EXACT_MATCH,5,5
MediaIngredientMech:000643,CHEBI:9754,Tris(hydroxymethyl)aminomethane,MAPPED,tris,CHEBI,EXACT_MATCH,5,5
MediaIngredientMech:000644,CHEBI:34683,Na2HPO4·2H2O,MAPPED,disodium hydrogenphosphate,CHEBI,EXACT_MATCH,5,5
MediaIngredientMech:000645,CHEBI:30924,Na-tartrate,MAPPED,L-tartrate(2-),CHEBI,EXACT_MATCH,5,5
MediaIngredientMech:000646,CHEBI:131531,Pyridoxamine-HCl,MAPPED,pyridoxamine hydrochloride,CHEBI,EXACT_MATCH,5,5
MediaIngredientMech:000647,CHEBI:15882,Phenol,MAPPED,Phenol,CHEBI,EXACT_MATCH,5,5
MediaIngredientMech:000648,CHEBI:32149,NaSO4,MAPPED,sodium sulfate,CHEBI,EXACT_MATCH,4,4
MediaIngredientMech:000649,CHEBI:47869,Thioglycolate,MAPPED,thioglycolate(2-),CHEBI,EXACT_MATCH,4,4
MediaIngredientMech:000650,CHEBI:63037,(NH4) citrate,MAPPED,,CHEBI,EXACT_MATCH,4,4
MediaIngredientMech:000651,CHEBI:114786,Na2S2O5,MAPPED,Na2S2O5,CHEBI,EXACT_MATCH,4,4
MediaIngredientMech:000652,CHEBI:44115,Morpholinopropane sulfonic acid,MAPPED,Morpholinopropane sulfonic acid,CHEBI,EXACT_MATCH,4,4
MediaIngredientMech:000653,CHEBI:62965,sodium formate,MAPPED,sodium formate,CHEBI,EXACT_MATCH,4,4
MediaIngredientMech:000654,CHEBI:17836,4-aminobenzoate,MAPPED,4-aminobenzoate,CHEBI,EXACT_MATCH,4,4
MediaIngredientMech:000655,CHEBI:131389,Mg-citrate,MAPPED,Mg-citrate,CHEBI,EXACT_MATCH,4,4
MediaIngredientMech:000656,CHEBI:115156,sodium fumarate,MAPPED,disodium fumarate,CHEBI,EXACT_MATCH,4,4
MediaIngredientMech:000657,CHEBI:17754,glycerin,MAPPED,glycerin,CHEBI,EXACT_MATCH,4,4
MediaIngredientMech:000658,CHEBI:176843,vitamin B12,MAPPED,vitamin B12,CHEBI,EXACT_MATCH,4,4
MediaIngredientMech:000659,CHEBI:29377,Sodium Carbonate,MAPPED,sodium carbonate,CHEBI,EXACT_MATCH,4,4
MediaIngredientMech:000660,CHEBI:28621,Triethanolamine,MAPPED,Triethanolamine,CHEBI,EXACT_MATCH,4,4
MediaIngredientMech:000661,CHEBI:17992,sucrose,MAPPED,sucrose,CHEBI,EXACT_MATCH,4,4
MediaIngredientMech:000662,CHEBI:30764,3-Hydroxybenzoic acid,MAPPED,3-Hydroxybenzoic acid,CHEBI,EXACT_MATCH,4,4
MediaIngredientMech:000663,CHEBI:6636,MgCl2x 6 H2O,MAPPED,magnesium dichloride,CHEBI,EXACT_MATCH,4,4
MediaIngredientMech:000664,CHEBI:55553,Eisencitrat,MAPPED,Eisencitrat,CHEBI,EXACT_MATCH,4,4
MediaIngredientMech:000665,CHEBI:18135,Pyrocatechol,MAPPED,catechol,CHEBI,EXACT_MATCH,4,4
MediaIngredientMech:000666,CHEBI:28842,Stearic acid,MAPPED,Stearic acid,CHEBI,EXACT_MATCH,4,4
MediaIngredientMech:000667,CHEBI:131839,Na-laurate,MAPPED,Na-laurate,CHEBI,EXACT_MATCH,4,4
MediaIngredientMech:000668,CHEBI:15956,biotin,MAPPED,biotin,CHEBI,EXACT_MATCH,4,4
MediaIngredientMech:000669,CHEBI:132112,Sodium thiosulphate,MAPPED,Sodium thiosulphate,CHEBI,EXACT_MATCH,4,4
MediaIngredientMech:000670,CHEBI:32954,Sodium Acetate,MAPPED,sodium acetate,CHEBI,EXACT_MATCH,4,4
MediaIngredientMech:000671,CHEBI:87020,VOSO4·xH2O,MAPPED,vanadyl sulfate hydrate,CHEBI,EXACT_MATCH,4,4
MediaIngredientMech:000672,CHEBI:33942,Ribose,MAPPED,Ribose,CHEBI,EXACT_MATCH,4,4
MediaIngredientMech:000673,CHEBI:73605,KF,MAPPED,KF,CHEBI,EXACT_MATCH,4,4
MediaIngredientMech:000674,CHEBI:132764,Disodium oxalate,MAPPED,sodium oxalate,CHEBI,EXACT_MATCH,4,4
MediaIngredientMech:000675,CHEBI:17925,alpha-D-Glucose,MAPPED,alpha-D-Glucose,CHEBI,EXACT_MATCH,4,4
MediaIngredientMech:000676,CHEBI:131372,Fe(III)PO4 x 4 H2O,MAPPED,Fe(III)PO4 x 4 H2O,CHEBI,EXACT_MATCH,4,4
MediaIngredientMech:000677,CHEBI:33403,Elemental sulphur,MAPPED,Elemental sulphur,CHEBI,EXACT_MATCH,4,4
MediaIngredientMech:000678,CHEBI:30563,SiO2,MAPPED,SiO2,CHEBI,EXACT_MATCH,4,4
MediaIngredientMech:000679,CHEBI:91261,Na-DL-malate,MAPPED,Na-DL-malate,CHEBI,EXACT_MATCH,4,4
MediaIngredientMech:000680,CHEBI:32816,Pyruvic acid,MAPPED,Pyruvic acid,CHEBI,EXACT_MATCH,4,4
MediaIngredientMech:000681,CHEBI:17368,Hypoxanthine,MAPPED,Hypoxanthine,CHEBI,EXACT_MATCH,4,4
MediaIngredientMech:000682,CHEBI:2509,Inorganic salts-starch agar,MAPPED,Inorganic salts-starch agar,CHEBI,EXACT_MATCH,4,4
MediaIngredientMech:000683,CHEBI:131532,Pyridoxamine Dihydrochloride,MAPPED,Pyridoxamine Dihydrochloride,CHEBI,EXACT_MATCH,4,4
MediaIngredientMech:000684,CHEBI:34683,Disodium phosphate,MAPPED,disodium hydrogenphosphate,CHEBI,EXACT_MATCH,4,4
MediaIngredientMech:000685,CHEBI:192761,Ferrihydrite,MAPPED,,CHEBI,EXACT_MATCH,4,4
MediaIngredientMech:000686,CHEBI:16236,ethanol,MAPPED,ethanol,CHEBI,EXACT_MATCH,4,4
MediaIngredientMech:000687,CHEBI:27226,Uric acid,MAPPED,Uric acid,CHEBI,EXACT_MATCH,4,4
MediaIngredientMech:000688,CHEBI:103822,Phenyl acetic acid,MAPPED,Phenyl acetic acid,CHEBI,EXACT_MATCH,4,4
MediaIngredientMech:000689,CHEBI:501520,Phenyl propionic acid,MAPPED,Phenyl propionic acid,CHEBI,EXACT_MATCH,4,4
MediaIngredientMech:000690,CHEBI:131532,Pyridoxamine dihydrochloride,MAPPED,pyridoxamine dihydrochloride,CHEBI,EXACT_MATCH,4,4
MediaIngredientMech:000691,CHEBI:75456,Glycerol monostearate,MAPPED,2-stearoylglycerol,CHEBI,EXACT_MATCH,4,4
MediaIngredientMech:000692,CHEBI:53425,Tween 60,MAPPED,polysorbate 60,CHEBI,EXACT_MATCH,4,4
MediaIngredientMech:000693,CHEBI:2509,R agar,MAPPED,R agar,CHEBI,EXACT_MATCH,4,4
MediaIngredientMech:000694,CHEBI:86214,Co(NO3)2.6H2O,MAPPED,cobalt dinitrate hexahydrate,CHEBI,EXACT_MATCH,4,4
MediaIngredientMech:000695,CHEBI:16737,Creatinine,MAPPED,Creatinine,CHEBI,EXACT_MATCH,4,4
MediaIngredientMech:000696,CHEBI:86473,Na2MoO4 x 7 H2O,MAPPED,Na2MoO4 x 7 H2O,CHEBI,EXACT_MATCH,4,4
MediaIngredientMech:000697,CHEBI:23414,CuSO4 x 2 H2O,MAPPED,CuSO4 x 2 H2O,CHEBI,EXACT_MATCH,4,4
MediaIngredientMech:000698,CHEBI:15443,Inulin,MAPPED,Inulin,CHEBI,EXACT_MATCH,4,4
MediaIngredientMech:000699,CHEBI:23674,Diaminopimelic acid,MAPPED,Diaminopimelic acid,CHEBI,EXACT_MATCH,4,4
MediaIngredientMech:000700,CHEBI:32586,Na2SO4 x 10 H2O,MAPPED,Na2SO4 x 10 H2O,CHEBI,EXACT_MATCH,4,4
MediaIngredientMech:000701,CHEBI:62947,Ammonium Acetate,MAPPED,Ammonium acetate,CHEBI,EXACT_MATCH,4,4
MediaIngredientMech:000702,CHEBI:85248,Gellan Gum,MAPPED,Gellan Gum,CHEBI,EXACT_MATCH,4,4
MediaIngredientMech:000703,CHEBI:131531,Pyridoxine·HCl,MAPPED,pyridoxamine hydrochloride,CHEBI,EXACT_MATCH,4,4
MediaIngredientMech:000704,CHEBI:16919,Creatine,MAPPED,Creatine,CHEBI,EXACT_MATCH,4,4
MediaIngredientMech:000705,CHEBI:30808,FeCl3 x 4 H2O,MAPPED,FeCl3 x 4 H2O,CHEBI,EXACT_MATCH,4,4
MediaIngredientMech:000706,CHEBI:17824,Isopropyl alcohol,MAPPED,Isopropyl alcohol,CHEBI,EXACT_MATCH,4,4
MediaIngredientMech:000707,CHEBI:91261,Na malate,MAPPED,Na malate,CHEBI,EXACT_MATCH,4,4
MediaIngredientMech:000708,CHEBI:43796,α-lipoic acid,MAPPED,(S)-lipoic acid,CHEBI,EXACT_MATCH,4,4
MediaIngredientMech:000709,CHEBI:15676,Allantoin,MAPPED,Allantoin,CHEBI,EXACT_MATCH,4,4
MediaIngredientMech:000710,CHEBI:15377,Water,MAPPED,Water,CHEBI,EXACT_MATCH,4,4
MediaIngredientMech:000711,CHEBI:86358,MnSO4.4H2O,MAPPED,manganese(II) sulfate tetrahydrate,CHEBI,EXACT_MATCH,4,4
MediaIngredientMech:000712,CHEBI:57912,DL-Tryptophan,MAPPED,L-tryptophan zwitterion,CHEBI,EXACT_MATCH,4,4
MediaIngredientMech:000713,CHEBI:132106,Sodium propionate,MAPPED,Sodium propionate,CHEBI,EXACT_MATCH,3,3
MediaIngredientMech:000714,CHEBI:132112,Na-thiosulfate,MAPPED,Na-thiosulfate,CHEBI,EXACT_MATCH,3,3
MediaIngredientMech:000715,CHEBI:91246,CuSO4 x 6 H2O,MAPPED,CuSO4 x 6 H2O,CHEBI,EXACT_MATCH,3,3
MediaIngredientMech:000716,CHEBI:15846,beta-NAD,MAPPED,beta-NAD,CHEBI,EXACT_MATCH,3,3
MediaIngredientMech:000717,CHEBI:15671,L(+)-Tartaric acid,MAPPED,L(+)-Tartaric acid,CHEBI,EXACT_MATCH,3,3
MediaIngredientMech:000718,CHEBI:35696,CoCl2 x 2 H2O,MAPPED,CoCl2 x 2 H2O,CHEBI,EXACT_MATCH,3,3
MediaIngredientMech:000719,CHEBI:32142,Sodium citrate dihydrate,MAPPED,Sodium citrate dihydrate,CHEBI,EXACT_MATCH,3,3
MediaIngredientMech:000720,CHEBI:85248,gellan gum,MAPPED,Gellan Gum,CHEBI,EXACT_MATCH,3,3
MediaIngredientMech:000721,CHEBI:53311,Sodium alginate,MAPPED,Sodium alginate,CHEBI,EXACT_MATCH,3,3
MediaIngredientMech:000722,CHEBI:1,CHEBI:1,MAPPED,,CHEBI,EXACT_MATCH,3,3
MediaIngredientMech:000723,CHEBI:62964,Magnesium acetate,MAPPED,Magnesium acetate,CHEBI,EXACT_MATCH,3,3
MediaIngredientMech:000724,CHEBI:132100,Sodium octanoate,MAPPED,sodium octanoate,CHEBI,EXACT_MATCH,3,3
MediaIngredientMech:000725,CHEBI:15887,5-Aminovaleric acid,MAPPED,5-Aminovaleric acid,CHEBI,EXACT_MATCH,3,3
MediaIngredientMech:000726,CHEBI:232798,Na-(L)-lactate,MAPPED,,CHEBI,EXACT_MATCH,3,3
MediaIngredientMech:000727,CHEBI:33403,Elemental sulfur,MAPPED,Elemental sulfur,CHEBI,EXACT_MATCH,3,3
MediaIngredientMech:000728,CHEBI:30115,AlCl3·6H2O,MAPPED,aluminium trichloride hexahydrate,CHEBI,EXACT_MATCH,3,3
MediaIngredientMech:000729,CHEBI:30753,p-Aminobenzoic Acid,MAPPED,4-aminobenzoic acid,CHEBI,EXACT_MATCH,3,3
MediaIngredientMech:000730,CHEBI:15940,Nicotinic Acid,MAPPED,nicotinic acid,CHEBI,EXACT_MATCH,3,3
MediaIngredientMech:000731,CHEBI:27641,Cycloheximid,MAPPED,Cycloheximid,CHEBI,EXACT_MATCH,3,3
MediaIngredientMech:000732,CHEBI:16991,Fish-Sperm DNA,MAPPED,deoxyribonucleic acid,CHEBI,EXACT_MATCH,3,3
MediaIngredientMech:000733,CHEBI:75228,Sodium DL-lactate,MAPPED,Sodium DL-lactate,CHEBI,EXACT_MATCH,3,3
MediaIngredientMech:000734,CHEBI:32588,KCL,MAPPED,potassium chloride,CHEBI,EXACT_MATCH,3,3
MediaIngredientMech:000735,CHEBI:17053,L-Aspartic acid,MAPPED,L-Aspartic acid,CHEBI,EXACT_MATCH,3,3
MediaIngredientMech:000736,CHEBI:48923,erythromycin,MAPPED,Erythromycin,CHEBI,EXACT_MATCH,3,3
MediaIngredientMech:000737,CHEBI:5291,gelatin,MAPPED,gelatin,CHEBI,EXACT_MATCH,3,3
MediaIngredientMech:000738,CHEBI:15377,Distilled water ,MAPPED,Distilled water,CHEBI,EXACT_MATCH,3,3
MediaIngredientMech:000739,CHEBI:31795,MgSO4x7H2O,MAPPED,magnesium sulfate heptahydrate,CHEBI,EXACT_MATCH,3,3
MediaIngredientMech:000740,CHEBI:63076,Diammonium Citrate,MAPPED,Diammonium Citrate,CHEBI,EXACT_MATCH,3,3
MediaIngredientMech:000741,CHEBI:75228,Na-(DL)-lactate,MAPPED,,CHEBI,EXACT_MATCH,3,3
MediaIngredientMech:000742,CHEBI:2509,Czapek Dox agar,MAPPED,Czapek Dox agar,CHEBI,EXACT_MATCH,3,3
MediaIngredientMech:000743,CHEBI:37070,DL-alpha-Methyl butyric acid,MAPPED,DL-alpha-Methyl butyric acid,CHEBI,EXACT_MATCH,3,3
MediaIngredientMech:000744,CHEBI:53633,L-Lysine HCl,MAPPED,,CHEBI,EXACT_MATCH,3,3
MediaIngredientMech:000745,CHEBI:85146,Carboxymethyl cellulose,MAPPED,Carboxymethyl cellulose,CHEBI,EXACT_MATCH,3,3
MediaIngredientMech:000746,CHEBI:16354,N-methylhydantoin,MAPPED,N-methylhydantoin,CHEBI,EXACT_MATCH,3,3
MediaIngredientMech:000747,CHEBI:39065,Bicine,MAPPED,Bicine,CHEBI,EXACT_MATCH,3,3
MediaIngredientMech:000748,CHEBI:63036,Monopotassium phosphate,MAPPED,potassium dihydrogen phosphate,CHEBI,EXACT_MATCH,3,3
MediaIngredientMech:000749,CHEBI:86158,Calcium chloride,MAPPED,calcium chloride dihydrate,CHEBI,EXACT_MATCH,3,3
MediaIngredientMech:000750,CHEBI:53423,Tween 40,MAPPED,Tween 40,CHEBI,EXACT_MATCH,3,3
MediaIngredientMech:000751,CHEBI:6872,Methylene blue,MAPPED,Methylene blue,CHEBI,EXACT_MATCH,3,3
MediaIngredientMech:000752,CHEBI:156387,4-Hydroxyphenyl acetic acid,MAPPED,4-Hydroxyphenyl acetic acid,CHEBI,EXACT_MATCH,3,3
MediaIngredientMech:000753,CHEBI:87514,3-Indolyl acetic acid,MAPPED,3-Indolyl acetic acid,CHEBI,EXACT_MATCH,3,3
MediaIngredientMech:000754,CHEBI:28911,Cobalamine,MAPPED,,CHEBI,EXACT_MATCH,3,3
MediaIngredientMech:000755,CHEBI:28017,Corn Starch,MAPPED,,CHEBI,EXACT_MATCH,3,3
MediaIngredientMech:000756,CHEBI:30753,4-Aminobenzoic acid,MAPPED,4-Aminobenzoic Acid,CHEBI,EXACT_MATCH,3,3
MediaIngredientMech:000757,CHEBI:28017,Corn starch,MAPPED,,CHEBI,EXACT_MATCH,3,3
MediaIngredientMech:000758,CHEBI:6636,MgCl2 x 6H2O,MAPPED,magnesium dichloride,CHEBI,EXACT_MATCH,3,3
MediaIngredientMech:000759,CHEBI:62982,(NH4)H2PO4,MAPPED,,CHEBI,EXACT_MATCH,3,3
MediaIngredientMech:000760,CHEBI:132767,Fe4(PO4)2,MAPPED,Fe4(PO4)2,CHEBI,EXACT_MATCH,3,3
MediaIngredientMech:000761,CHEBI:28675,Dextrin,MAPPED,Dextrin,CHEBI,EXACT_MATCH,3,3
MediaIngredientMech:000762,CHEBI:16482,Naphthalene,MAPPED,Naphthalene,CHEBI,EXACT_MATCH,3,3
MediaIngredientMech:000763,CHEBI:17334,Penicillin,MAPPED,Penicillin,CHEBI,EXACT_MATCH,3,3
MediaIngredientMech:000764,CHEBI:15956,d-Biotin,MAPPED,biotin,CHEBI,EXACT_MATCH,3,3
MediaIngredientMech:000765,CHEBI:63005,Na NO3,MAPPED,,CHEBI,EXACT_MATCH,3,3
MediaIngredientMech:000766,CHEBI:17154,Niacinamide,MAPPED,Niacinamide,CHEBI,EXACT_MATCH,3,3
MediaIngredientMech:000767,CHEBI:15354,Choline,MAPPED,Choline,CHEBI,EXACT_MATCH,3,3
MediaIngredientMech:000768,CHEBI:32139,sodium bicarbonate,MAPPED,,CHEBI,EXACT_MATCH,3,3
MediaIngredientMech:000769,CHEBI:150970,DL-mevalonic acid,MAPPED,DL-mevalonic acid,CHEBI,EXACT_MATCH,3,3
MediaIngredientMech:000770,CHEBI:49105,Thiamine·HCl,MAPPED,thiamine hydrochloride,CHEBI,EXACT_MATCH,3,3
MediaIngredientMech:000771,CHEBI:39054,NTA,MAPPED,NTA,CHEBI,EXACT_MATCH,3,3
MediaIngredientMech:000772,CHEBI:7916,DL-Pantothenic acid,MAPPED,DL-Pantothenic acid,CHEBI,EXACT_MATCH,3,3
MediaIngredientMech:000773,CHEBI:78020,Casamino acid,MAPPED,heptacosanoate,CHEBI,EXACT_MATCH,3,3
MediaIngredientMech:000774,CHEBI:16811,DL-Methionine,MAPPED,DL-Methionine,CHEBI,EXACT_MATCH,3,3
MediaIngredientMech:000775,CHEBI:63076,Diammonium citrate,MAPPED,diammonium citrate,CHEBI,EXACT_MATCH,3,3
MediaIngredientMech:000776,CHEBI:53258,Trisodium citrate·2H2O,MAPPED,sodium citrate,CHEBI,EXACT_MATCH,3,3
MediaIngredientMech:000777,CHEBI:34683,Na2HPO4 x 3 H2O,MAPPED,Na2HPO4 x 3 H2O,CHEBI,EXACT_MATCH,3,3
MediaIngredientMech:000778,CHEBI:31225,Antipyrine,MAPPED,Antipyrine,CHEBI,EXACT_MATCH,3,3
MediaIngredientMech:000779,CHEBI:91249,(NH4)2MoO4,MAPPED,(NH4)2MoO4,CHEBI,EXACT_MATCH,3,3
MediaIngredientMech:000780,CHEBI:26977,Thiosulfate,MAPPED,Thiosulfate,CHEBI,EXACT_MATCH,3,3
MediaIngredientMech:000781,CHEBI:91090,Charcoal,MAPPED,Charcoal,CHEBI,EXACT_MATCH,3,3
MediaIngredientMech:000782,CHEBI:91261,DL-Na-malate,MAPPED,DL-Na-malate,CHEBI,EXACT_MATCH,3,3
MediaIngredientMech:000783,CHEBI:76208,Na2S x H2O,MAPPED,Na2S x H2O,CHEBI,EXACT_MATCH,3,3
MediaIngredientMech:000784,CHEBI:150903,Sodium succinate dibasic,MAPPED,Sodium succinate dibasic,CHEBI,EXACT_MATCH,3,3
MediaIngredientMech:000785,CHEBI:28053,Melibiose,MAPPED,Melibiose,CHEBI,EXACT_MATCH,2,2
MediaIngredientMech:000786,CHEBI:71240,Sodium pyrophosphate,MAPPED,Sodium pyrophosphate,CHEBI,EXACT_MATCH,2,2
MediaIngredientMech:000787,CHEBI:40957,BICINE buffer,MAPPED,BICINE buffer,CHEBI,EXACT_MATCH,2,2
MediaIngredientMech:000788,CHEBI:131523,MnSO4 x 6 H2O,MAPPED,MnSO4 x 6 H2O,CHEBI,EXACT_MATCH,2,2
MediaIngredientMech:000789,CHEBI:132762,ZnSO4 x 6 H2O,MAPPED,ZnSO4 x 6 H2O,CHEBI,EXACT_MATCH,2,2
MediaIngredientMech:000790,CHEBI:64734,Na2EDTA,MAPPED,EDTA disodium salt (anhydrous),CHEBI,EXACT_MATCH,2,2
MediaIngredientMech:000791,CHEBI:76181,Fe(NH4)2(SO4)2 x 6 H2O (0.1% w/v),MAPPED,,CHEBI,EXACT_MATCH,2,2
MediaIngredientMech:000792,CHEBI:132095,NaVO3 x n H2O,MAPPED,NaVO3 x n H2O,CHEBI,EXACT_MATCH,2,2
MediaIngredientMech:000793,CHEBI:18320,DTT,MAPPED,DTT,CHEBI,EXACT_MATCH,2,2
MediaIngredientMech:000794,CHEBI:53258,Na2-citrate,MAPPED,Na2-citrate,CHEBI,EXACT_MATCH,2,2
MediaIngredientMech:000795,CHEBI:2509,Brucella agar,MAPPED,Brucella agar,CHEBI,EXACT_MATCH,2,2
MediaIngredientMech:000796,CHEBI:2509,Middlebrook 7H10 agar,MAPPED,Middlebrook 7H10 agar,CHEBI,EXACT_MATCH,2,2
MediaIngredientMech:000797,CHEBI:59640,N-acetylglucosamine,MAPPED,N-acetylglucosamine,CHEBI,EXACT_MATCH,2,2
MediaIngredientMech:000798,CHEBI:86158,CaCl22H2O,MAPPED,calcium chloride dihydrate,CHEBI,EXACT_MATCH,2,2
MediaIngredientMech:000799,CHEBI:30776,Capronic acid,MAPPED,hexanoic acid,CHEBI,EXACT_MATCH,2,2
MediaIngredientMech:000800,CHEBI:27570,DL-Histidine,MAPPED,DL-Histidine,CHEBI,EXACT_MATCH,2,2
MediaIngredientMech:000801,CHEBI:114126,Sodium caproate,MAPPED,sodium hexanoate,CHEBI,EXACT_MATCH,2,2
MediaIngredientMech:000802,CHEBI:31991,Phenol Red,MAPPED,Phenol red,CHEBI,EXACT_MATCH,2,2
MediaIngredientMech:000803,CHEBI:35458,CeCl3,MAPPED,CeCl3,CHEBI,EXACT_MATCH,2,2
MediaIngredientMech:000804,CHEBI:9784,Tween 20,MAPPED,Tween 20,CHEBI,EXACT_MATCH,2,2
MediaIngredientMech:000805,CHEBI:15377,tap water,MAPPED,Tap water,CHEBI,EXACT_MATCH,2,2
MediaIngredientMech:000806,CHEBI:62064,"2,3-butanediol",MAPPED,"2,3-butanediol",CHEBI,EXACT_MATCH,2,2
MediaIngredientMech:000807,CHEBI:34683,Na2HPO4 x 6 H2O,MAPPED,Na2HPO4 x 6 H2O,CHEBI,EXACT_MATCH,2,2
MediaIngredientMech:000808,CHEBI:41808,Decane,MAPPED,Decane,CHEBI,EXACT_MATCH,2,2
MediaIngredientMech:000809,CHEBI:53389,Poly(3-hydroxybutyrate),MAPPED,Poly(3-hydroxybutyrate),CHEBI,EXACT_MATCH,2,2
MediaIngredientMech:000810,CHEBI:113455,sodium benzoate,MAPPED,sodium benzoate,CHEBI,EXACT_MATCH,2,2
MediaIngredientMech:000811,CHEBI:50385,Hemin chloride,MAPPED,Hemin chloride,CHEBI,EXACT_MATCH,2,2
MediaIngredientMech:000812,CHEBI:132109,Na-stearate,MAPPED,Na-stearate,CHEBI,EXACT_MATCH,2,2
MediaIngredientMech:000813,CHEBI:8806,resazurin,MAPPED,Resazurin,CHEBI,EXACT_MATCH,2,2
MediaIngredientMech:000814,CHEBI:81860,Sodium oleate,MAPPED,Sodium oleate,CHEBI,EXACT_MATCH,2,2
MediaIngredientMech:000815,CHEBI:32599,MgSO4 x 7H2O,MAPPED,magnesium sulfate,CHEBI,EXACT_MATCH,2,2
MediaIngredientMech:000816,CHEBI:27470,Folic Acid,MAPPED,folic acid,CHEBI,EXACT_MATCH,2,2
MediaIngredientMech:000817,CHEBI:30314,Thioctic Acid,MAPPED,(R)-lipoic acid,CHEBI,EXACT_MATCH,2,2
MediaIngredientMech:000818,CHEBI:75215,Na2MoO4 x 2H2O,MAPPED,sodium molybdate (anhydrous),CHEBI,EXACT_MATCH,2,2
MediaIngredientMech:000819,CHEBI:75215,Na2MoO4 x H2O,MAPPED,Na2MoO4 x H2O,CHEBI,EXACT_MATCH,2,2
MediaIngredientMech:000820,CHEBI:132748,Na-vanillate,MAPPED,Na-vanillate,CHEBI,EXACT_MATCH,2,2
MediaIngredientMech:000821,CHEBI:49553,CuCl2 x H2O,MAPPED,CuCl2 x H2O,CHEBI,EXACT_MATCH,2,2
MediaIngredientMech:000822,CHEBI:31404,Citric acid x H2O,MAPPED,Citric acid x H2O,CHEBI,EXACT_MATCH,2,2
MediaIngredientMech:000823,CHEBI:27470,folic acid,MAPPED,folic acid,CHEBI,EXACT_MATCH,2,2
MediaIngredientMech:000824,CHEBI:91251,Na2-glyoxalate,MAPPED,Na2-glyoxalate,CHEBI,EXACT_MATCH,2,2
MediaIngredientMech:000825,CHEBI:30915,alpha-ketoglutaric acid,MAPPED,alpha-ketoglutaric acid,CHEBI,EXACT_MATCH,2,2
MediaIngredientMech:000826,CHEBI:28971,ampicillin,MAPPED,Ampicillin,CHEBI,EXACT_MATCH,2,2
MediaIngredientMech:000827,CHEBI:78020,Casamino Acids,MAPPED,heptacosanoate,CHEBI,EXACT_MATCH,2,2
MediaIngredientMech:000828,CHEBI:33118,Boric Acid,MAPPED,Boric acid,CHEBI,EXACT_MATCH,2,2
MediaIngredientMech:000829,CHEBI:32588,Potassium Chloride,MAPPED,potassium chloride,CHEBI,EXACT_MATCH,2,2
MediaIngredientMech:000830,CHEBI:32139,Sodium Bicarbonate,MAPPED,,CHEBI,EXACT_MATCH,2,2
MediaIngredientMech:000831,CHEBI:63038,Ammonium Nitrate,MAPPED,Ammonium nitrate,CHEBI,EXACT_MATCH,2,2
MediaIngredientMech:000832,CHEBI:86345,Magnesium Chloride,MAPPED,magnesium dichloride hexahydrate,CHEBI,EXACT_MATCH,2,2
MediaIngredientMech:000833,CHEBI:60720,Sodium Silicate,MAPPED,sodium silicate,CHEBI,EXACT_MATCH,2,2
MediaIngredientMech:000834,CHEBI:86364,Manganese Sulfate,MAPPED,Manganese Sulfate,CHEBI,EXACT_MATCH,2,2
MediaIngredientMech:000835,CHEBI:72449,Malachite Green,MAPPED,Malachite green,CHEBI,EXACT_MATCH,2,2
MediaIngredientMech:000836,CHEBI:32954,1 M Sodium acetate,MAPPED,sodium acetate,CHEBI,EXACT_MATCH,2,2
MediaIngredientMech:000837,CHEBI:64103,1 M Sodium butyrate,MAPPED,sodium butyrate,CHEBI,EXACT_MATCH,2,2
MediaIngredientMech:000838,CHEBI:26709,NaHSO3,MAPPED,NaHSO3,CHEBI,EXACT_MATCH,2,2
MediaIngredientMech:000839,CHEBI:3311,Calcium carbonate,MAPPED,Calcium Carbonate,CHEBI,EXACT_MATCH,2,2
MediaIngredientMech:000840,CHEBI:35458,CeCl3 x 7 H2O,MAPPED,CeCl3 x 7 H2O,CHEBI,EXACT_MATCH,2,2
MediaIngredientMech:000841,CHEBI:16261,Chitosan,MAPPED,Chitosan,CHEBI,EXACT_MATCH,2,2
MediaIngredientMech:000842,CHEBI:39005,2-(N-Morpholino)ethanesulfonic acid,MAPPED,2-(N-Morpholino)ethanesulfonic acid,CHEBI,EXACT_MATCH,2,2
MediaIngredientMech:000843,CHEBI:18139,Trimethylamine,MAPPED,Trimethylamine,CHEBI,EXACT_MATCH,2,2
MediaIngredientMech:000844,CHEBI:18024,D-galacturonic acid,MAPPED,D-galacturonic acid,CHEBI,EXACT_MATCH,2,2
MediaIngredientMech:000845,CHEBI:17306,D-Maltose,MAPPED,D-Maltose,CHEBI,EXACT_MATCH,2,2
MediaIngredientMech:000846,CHEBI:18287,L-Fucose,MAPPED,L-Fucose,CHEBI,EXACT_MATCH,2,2
MediaIngredientMech:000847,CHEBI:16494,DL-alpha-lipoic acid,MAPPED,DL-alpha-lipoic acid,CHEBI,EXACT_MATCH,2,2
MediaIngredientMech:000848,CHEBI:41218,2-Mercaptoethanol,MAPPED,2-Mercaptoethanol,CHEBI,EXACT_MATCH,2,2
MediaIngredientMech:000849,CHEBI:78074,SnCl2 x 2 H2O,MAPPED,SnCl2 x 2 H2O,CHEBI,EXACT_MATCH,2,2
MediaIngredientMech:000850,CHEBI:53471,Cr2(SO4)3 x n H2O,MAPPED,Cr2(SO4)3 x n H2O,CHEBI,EXACT_MATCH,2,2
MediaIngredientMech:000851,CHEBI:36385,SrCl2.6H2O,MAPPED,strontium dichloride hexahydrate,CHEBI,EXACT_MATCH,2,2
MediaIngredientMech:000852,CHEBI:184335,(NH4)HCO3,MAPPED,,CHEBI,EXACT_MATCH,2,2
MediaIngredientMech:000853,CHEBI:495055,Cyclomaltoheptaose,MAPPED,Cyclomaltoheptaose,CHEBI,EXACT_MATCH,2,2
MediaIngredientMech:000854,CHEBI:131527,Dipotassium phosphate,MAPPED,dipotassium hydrogen phosphate,CHEBI,EXACT_MATCH,2,2
MediaIngredientMech:000855,CHEBI:23414,CuSO4 x H2O,MAPPED,CuSO4 x H2O,CHEBI,EXACT_MATCH,2,2
MediaIngredientMech:000856,CHEBI:132108,Na2SiO3·9H2O,MAPPED,,CHEBI,EXACT_MATCH,2,2
MediaIngredientMech:000857,CHEBI:75937,Glycerol mono-oleate,MAPPED,Glycerol mono-oleate,CHEBI,EXACT_MATCH,2,2
MediaIngredientMech:000858,CHEBI:32588,potassium chloride,MAPPED,potassium chloride,CHEBI,EXACT_MATCH,2,2
MediaIngredientMech:000859,CHEBI:77732,Ferric citrate monohydrate,MAPPED,,CHEBI,EXACT_MATCH,2,2
MediaIngredientMech:000860,CHEBI:91241,NH4-oxalate,MAPPED,NH4-oxalate,CHEBI,EXACT_MATCH,2,2
MediaIngredientMech:000861,CHEBI:30812,FeCl2 x 6 H2O,MAPPED,FeCl2 x 6 H2O,CHEBI,EXACT_MATCH,2,2
MediaIngredientMech:000862,CHEBI:35366,Fatty acid mixture (see Medium No. 266),MAPPED,Fatty acid mixture (see Medium No. 266),CHEBI,EXACT_MATCH,2,2
MediaIngredientMech:000863,CHEBI:62946,(NH4)2S4,MAPPED,ammonium sulfate,CHEBI,EXACT_MATCH,2,2
MediaIngredientMech:000864,CHEBI:144421,iron(III) citrate,MAPPED,iron(III) citrate,CHEBI,EXACT_MATCH,2,2
MediaIngredientMech:000865,CHEBI:52071,Dextran,MAPPED,Dextran,CHEBI,EXACT_MATCH,2,2
MediaIngredientMech:000866,CHEBI:132103,Sodium perchlorate,MAPPED,Sodium perchlorate,CHEBI,EXACT_MATCH,2,2
MediaIngredientMech:000867,CHEBI:136511,MnO2,MAPPED,MnO2,CHEBI,EXACT_MATCH,2,2
MediaIngredientMech:000868,CHEBI:46020,Tetramethyl ammonium,MAPPED,,CHEBI,EXACT_MATCH,2,2
MediaIngredientMech:000869,CHEBI:17924,D-Sorbitol,MAPPED,D-Sorbitol,CHEBI,EXACT_MATCH,2,2
MediaIngredientMech:000870,CHEBI:30753,4-aminobenzoic acid,MAPPED,4-Aminobenzoic Acid,CHEBI,EXACT_MATCH,2,2
MediaIngredientMech:000871,CHEBI:49105,Thiamine dihydrochloride,MAPPED,thiamine hydrochloride,CHEBI,EXACT_MATCH,2,2
MediaIngredientMech:000872,CHEBI:27941,Pullulan,MAPPED,pullulan,CHEBI,EXACT_MATCH,2,2
MediaIngredientMech:000873,CHEBI:32954,Sodium acetate·3H2O,MAPPED,sodium acetate,CHEBI,EXACT_MATCH,2,2
MediaIngredientMech:000874,CHEBI:131371,FePO4,MAPPED,iron(3+) phosphate,CHEBI,EXACT_MATCH,2,2
MediaIngredientMech:000875,CHEBI:91261,Sodium L-malate,MAPPED,Sodium L-malate,CHEBI,EXACT_MATCH,2,2
MediaIngredientMech:000876,CHEBI:32596,CaHPO4,MAPPED,CaHPO4,CHEBI,EXACT_MATCH,2,2
MediaIngredientMech:000877,CHEBI:16810,Na2 alpha-ketoglutarate,MAPPED,Na2 alpha-ketoglutarate,CHEBI,EXACT_MATCH,2,2
MediaIngredientMech:000878,CHEBI:132112,NaS2O3,MAPPED,,CHEBI,EXACT_MATCH,2,2
MediaIngredientMech:000879,CHEBI:86355,MgCl2 x H2O,MAPPED,MgCl2 x H2O,CHEBI,EXACT_MATCH,2,2
MediaIngredientMech:000880,CHEBI:9754,Tris(hydroxymethyl)methylamine,MAPPED,Tris(hydroxymethyl)methylamine,CHEBI,EXACT_MATCH,2,2
MediaIngredientMech:000881,CHEBI:17879,p-Hydroxybenzoate,MAPPED,p-Hydroxybenzoate,CHEBI,EXACT_MATCH,2,2
MediaIngredientMech:000882,CHEBI:132112,Sodium thiosulfate,MAPPED,Sodium Thiosulfate,CHEBI,EXACT_MATCH,2,2
MediaIngredientMech:000883,CHEBI:132764,Na-oxalate,MAPPED,Na-oxalate,CHEBI,EXACT_MATCH,2,2
MediaIngredientMech:000884,CHEBI:84997,Na gluconate,MAPPED,Na gluconate,CHEBI,EXACT_MATCH,2,2
MediaIngredientMech:000885,CHEBI:31695,Indigo carmine,MAPPED,Indigo carmine,CHEBI,EXACT_MATCH,2,2
MediaIngredientMech:000886,CHEBI:29988,Na-glutamate,MAPPED,L-glutamate(2-),CHEBI,EXACT_MATCH,2,2
MediaIngredientMech:000887,CHEBI:113451,sodium ascorbate,MAPPED,sodium ascorbate,CHEBI,EXACT_MATCH,2,2
MediaIngredientMech:000888,CHEBI:132101,Na-orotate,MAPPED,Na-orotate,CHEBI,EXACT_MATCH,2,2
MediaIngredientMech:000889,CHEBI:86202,Chalcopyrite,MAPPED,chalcopyrite,CHEBI,EXACT_MATCH,2,2
MediaIngredientMech:000890,CHEBI:22599,Arabinose,MAPPED,Arabinose,CHEBI,EXACT_MATCH,2,2
MediaIngredientMech:000891,CHEBI:2509,BCYE agar,MAPPED,BCYE agar,CHEBI,EXACT_MATCH,2,2
MediaIngredientMech:000892,CHEBI:24536,Hexachlorocyclo-hexane,MAPPED,Hexachlorocyclo-hexane,CHEBI,EXACT_MATCH,2,2
MediaIngredientMech:000893,CHEBI:31795,MgSO4·H2O,MAPPED,,CHEBI,EXACT_MATCH,2,2
MediaIngredientMech:000894,CHEBI:17189,Gentisic acid,MAPPED,Gentisic acid,CHEBI,EXACT_MATCH,2,2
MediaIngredientMech:000895,CHEBI:34653,Congo red,MAPPED,Congo red,CHEBI,EXACT_MATCH,2,2
MediaIngredientMech:000896,CHEBI:41808,n-Decane,MAPPED,n-Decane,CHEBI,EXACT_MATCH,2,2
MediaIngredientMech:000897,CHEBI:85248,Gellan gum,MAPPED,Gellan Gum,CHEBI,EXACT_MATCH,2,2
MediaIngredientMech:000898,CHEBI:26948,thiamine,MAPPED,vitamin B1,CHEBI,EXACT_MATCH,2,2
MediaIngredientMech:000899,CHEBI:132089,Na2-ß-glycerolphosphate,MAPPED,Na2-ß-glycerolphosphate,CHEBI,EXACT_MATCH,2,2
MediaIngredientMech:000900,CHEBI:18222,xylose,MAPPED,xylose,CHEBI,EXACT_MATCH,2,2
MediaIngredientMech:000901,CHEBI:91263,Sodium maleate,MAPPED,Sodium maleate,CHEBI,EXACT_MATCH,2,2
MediaIngredientMech:000902,CHEBI:75228,DL-Na-lactate,MAPPED,DL-Na-lactate,CHEBI,EXACT_MATCH,2,2
MediaIngredientMech:000903,CHEBI:28869,menadione,MAPPED,Menadione,CHEBI,EXACT_MATCH,2,2
MediaIngredientMech:000904,CHEBI:91261,DL-Sodium malate,MAPPED,DL-Sodium malate,CHEBI,EXACT_MATCH,2,2
MediaIngredientMech:000905,CHEBI:78074,SnCl2·2H2O,MAPPED,tin(II) chloride dihydrate,CHEBI,EXACT_MATCH,2,2
MediaIngredientMech:000906,CHEBI:183882,CAPSO,MAPPED,,CHEBI,EXACT_MATCH,2,2
MediaIngredientMech:000907,CHEBI:22653,DL-Asparagine x H2O,MAPPED,DL-Asparagine x H2O,CHEBI,EXACT_MATCH,2,2
MediaIngredientMech:000908,CHEBI:16865,gamma-Aminobutyric acid,MAPPED,gamma-Aminobutyric acid,CHEBI,EXACT_MATCH,2,2
MediaIngredientMech:000909,CHEBI:2511,agarose,MAPPED,agarose,CHEBI,EXACT_MATCH,2,2
MediaIngredientMech:000910,CHEBI:16810,2-Oxoglutarate,MAPPED,2-Oxoglutarate,CHEBI,EXACT_MATCH,2,2
MediaIngredientMech:000911,CHEBI:35697,trans-Cinnamic acid,MAPPED,trans-Cinnamic acid,CHEBI,EXACT_MATCH,2,2
MediaIngredientMech:000912,CHEBI:28077,Rifampicin,MAPPED,Rifampicin,CHEBI,EXACT_MATCH,2,2
MediaIngredientMech:000913,CHEBI:75832,FeSO4 x 5 H2O,MAPPED,FeSO4 x 5 H2O,CHEBI,EXACT_MATCH,2,2
MediaIngredientMech:000914,CHEBI:113373,Na-3-hydroxybutyrate,MAPPED,Na-3-hydroxybutyrate,CHEBI,EXACT_MATCH,2,2
MediaIngredientMech:000915,CHEBI:46502,Tungstate,MAPPED,Tungstate,CHEBI,EXACT_MATCH,2,2
MediaIngredientMech:000916,CHEBI:18167,maltose,MAPPED,alpha-maltose,CHEBI,EXACT_MATCH,2,2
MediaIngredientMech:000917,CHEBI:15956,D-biotin,MAPPED,biotin,CHEBI,EXACT_MATCH,2,2
MediaIngredientMech:000918,CHEBI:32029,Potassium acetate,MAPPED,potassium acetate,CHEBI,EXACT_MATCH,2,2
MediaIngredientMech:000919,CHEBI:234557,Sodium palmitate,MAPPED,,CHEBI,EXACT_MATCH,2,2
MediaIngredientMech:000920,CHEBI:38267,H3BO2,MAPPED,H3BO2,CHEBI,EXACT_MATCH,2,2
MediaIngredientMech:000921,CHEBI:2509,Oatmeal agar,MAPPED,Oatmeal agar,CHEBI,EXACT_MATCH,2,2
MediaIngredientMech:000922,CHEBI:2509,Fastidious Anaerobe Agar,MAPPED,Fastidious Anaerobe Agar,CHEBI,EXACT_MATCH,2,2
MediaIngredientMech:000923,CHEBI:17561,L-cysteine-HCL x H2O,MAPPED,L-cysteine,CHEBI,EXACT_MATCH,2,2
MediaIngredientMech:000924,CHEBI:31346,CaSO4 x 7 H2O,MAPPED,CaSO4 x 7 H2O,CHEBI,EXACT_MATCH,2,2
MediaIngredientMech:000925,CHEBI:16991,DNA,MAPPED,DNA,CHEBI,EXACT_MATCH,1,1
MediaIngredientMech:000926,CHEBI:31345,DL-calcium pantothenate,MAPPED,Calcium pantothenate,CHEBI,EXACT_MATCH,1,1
MediaIngredientMech:000927,CHEBI:26833,sulfur,MAPPED,sulfur atom,CHEBI,EXACT_MATCH,1,1
MediaIngredientMech:000928,CHEBI:34887,NiCl2 x H2O,MAPPED,NiCl2 x H2O,CHEBI,EXACT_MATCH,1,1
MediaIngredientMech:000929,CHEBI:85248,gelrite,MAPPED,Gelrite,CHEBI,EXACT_MATCH,1,1
MediaIngredientMech:000930,CHEBI:78036,Cu(NO3)2 x 3 H2O,MAPPED,Cu(NO3)2 x 3 H2O,CHEBI,EXACT_MATCH,1,1
MediaIngredientMech:000931,CHEBI:31795,MgSO47H2O,MAPPED,magnesium sulfate heptahydrate,CHEBI,EXACT_MATCH,1,1
MediaIngredientMech:000932,CHEBI:18012,fumaric acid,MAPPED,fumaric acid,CHEBI,EXACT_MATCH,1,1
MediaIngredientMech:000933,CHEBI:29125,Arsenate,MAPPED,Arsenate,CHEBI,EXACT_MATCH,1,1
MediaIngredientMech:000934,CHEBI:132106,sodium propionate,MAPPED,Sodium propionate,CHEBI,EXACT_MATCH,1,1
MediaIngredientMech:000935,CHEBI:28484,3-Methyl-butyric acid,MAPPED,isovaleric acid,CHEBI,EXACT_MATCH,1,1
MediaIngredientMech:000936,CHEBI:37070,2-Methyl-butyric acid,MAPPED,2-methylbutyric acid,CHEBI,EXACT_MATCH,1,1
MediaIngredientMech:000937,CHEBI:48923,Erythromycin,MAPPED,Erythromycin,CHEBI,EXACT_MATCH,1,1
MediaIngredientMech:000938,CHEBI:53258,Citric Acid,MAPPED,sodium citrate,CHEBI,EXACT_MATCH,1,1
MediaIngredientMech:000939,CHEBI:37070,α-Methylbutyric acid,MAPPED,2-methylbutyric acid,CHEBI,EXACT_MATCH,1,1
MediaIngredientMech:000940,CHEBI:5291,gelatine,MAPPED,Gelatine,CHEBI,EXACT_MATCH,1,1
MediaIngredientMech:000941,CHEBI:9754,TRIS,MAPPED,tris,CHEBI,EXACT_MATCH,1,1
MediaIngredientMech:000942,CHEBI:39005,MES acids,MAPPED,,CHEBI,EXACT_MATCH,1,1
MediaIngredientMech:000943,CHEBI:9754,Tris buffer 1M,MAPPED,tris,CHEBI,EXACT_MATCH,1,1
MediaIngredientMech:000944,CHEBI:30089,acetate,MAPPED,Acetate,CHEBI,EXACT_MATCH,1,1
MediaIngredientMech:000945,CHEBI:32954,Na Acetate,MAPPED,Na acetate,CHEBI,EXACT_MATCH,1,1
MediaIngredientMech:000946,CHEBI:18237,glutamic acid,MAPPED,glutamic acid,CHEBI,EXACT_MATCH,1,1
MediaIngredientMech:000947,CHEBI:42160,Dithionite,MAPPED,Dithionite,CHEBI,EXACT_MATCH,1,1
MediaIngredientMech:000948,CHEBI:49105,thiamine hydrochloride,MAPPED,Thiamine hydrochloride,CHEBI,EXACT_MATCH,1,1
MediaIngredientMech:000949,CHEBI:17015,riboflavin,MAPPED,riboflavin,CHEBI,EXACT_MATCH,1,1
MediaIngredientMech:000950,CHEBI:17154,nicotinamide,MAPPED,nicotinamide,CHEBI,EXACT_MATCH,1,1
MediaIngredientMech:000951,CHEBI:31345,D-calcium pantothenate,MAPPED,Calcium pantothenate,CHEBI,EXACT_MATCH,1,1
MediaIngredientMech:000952,CHEBI:85146,Carboxymethylcellulose,MAPPED,Carboxymethylcellulose,CHEBI,EXACT_MATCH,1,1
MediaIngredientMech:000953,CHEBI:86158,CaCl2 x2H2O,MAPPED,calcium chloride dihydrate,CHEBI,EXACT_MATCH,1,1
MediaIngredientMech:000954,CHEBI:75228,sodium lactate,MAPPED,sodium lactate,CHEBI,EXACT_MATCH,1,1
MediaIngredientMech:000955,CHEBI:86254,FeCl3.6H2O,MAPPED,iron trichloride hexahydrate,CHEBI,EXACT_MATCH,1,1
MediaIngredientMech:000956,CHEBI:15377,demineralized water,MAPPED,Demineralized water,CHEBI,EXACT_MATCH,1,1
MediaIngredientMech:000957,CHEBI:142468,"1,2-Dichloropropane",MAPPED,"1,2-Dichloropropane",CHEBI,EXACT_MATCH,1,1
MediaIngredientMech:000958,CHEBI:64700,Trimethylammonium chloride,MAPPED,Trimethylammonium chloride,CHEBI,EXACT_MATCH,1,1
MediaIngredientMech:000959,CHEBI:45931,Thiamin pyrophosphate,MAPPED,Thiamin pyrophosphate,CHEBI,EXACT_MATCH,1,1
MediaIngredientMech:000960,CHEBI:15346,Coenzym A,MAPPED,Coenzym A,CHEBI,EXACT_MATCH,1,1
MediaIngredientMech:000961,CHEBI:24040,Flavin adenine dinucleotide,MAPPED,Flavin adenine dinucleotide,CHEBI,EXACT_MATCH,1,1
MediaIngredientMech:000962,CHEBI:47965,N-acetylmuramic acid,MAPPED,N-acetylmuramic acid,CHEBI,EXACT_MATCH,1,1
MediaIngredientMech:000963,CHEBI:4178,D-glucuronic acid,MAPPED,D-glucuronic acid,CHEBI,EXACT_MATCH,1,1
MediaIngredientMech:000964,CHEBI:30751,Formic acid,MAPPED,Formic acid,CHEBI,EXACT_MATCH,1,1
MediaIngredientMech:000965,CHEBI:29958,D,MAPPED,D,CHEBI,EXACT_MATCH,1,1
MediaIngredientMech:000966,CHEBI:39060,N-(2-acetamido)-2-aminoethanesulfonic acid,MAPPED,N-(2-acetamido)-2-aminoethanesulfonic acid,CHEBI,EXACT_MATCH,1,1
MediaIngredientMech:000967,CHEBI:17126,DL-carnitine,MAPPED,DL-carnitine,CHEBI,EXACT_MATCH,1,1
MediaIngredientMech:000968,CHEBI:17108,D-Arabinose,MAPPED,D-Arabinose,CHEBI,EXACT_MATCH,1,1
MediaIngredientMech:000969,CHEBI:27082,D-Trehalose,MAPPED,D-Trehalose,CHEBI,EXACT_MATCH,1,1
MediaIngredientMech:000970,CHEBI:42521,Folinic acid,MAPPED,Folinic acid,CHEBI,EXACT_MATCH,1,1
MediaIngredientMech:000971,CHEBI:16602,Trichloroethylene,MAPPED,Trichloroethylene,CHEBI,EXACT_MATCH,1,1
MediaIngredientMech:000972,CHEBI:25115,Malate,MAPPED,Malate,CHEBI,EXACT_MATCH,1,1
MediaIngredientMech:000973,CHEBI:23414,Copper sulfate,MAPPED,copper(II) sulfate,CHEBI,EXACT_MATCH,1,1
MediaIngredientMech:000974,CHEBI:86465,AlK(SO4)2 x 12H2O,MAPPED,potassium aluminium sulfate dodecahydrate,CHEBI,EXACT_MATCH,1,1
MediaIngredientMech:000975,CHEBI:2509,Glycerol-asparagine agar,MAPPED,Glycerol-asparagine agar,CHEBI,EXACT_MATCH,1,1
MediaIngredientMech:000976,CHEBI:23414,CuSO4 x 4 H2O,MAPPED,CuSO4 x 4 H2O,CHEBI,EXACT_MATCH,1,1
MediaIngredientMech:000977,CHEBI:26710,NaCL,MAPPED,sodium chloride,CHEBI,EXACT_MATCH,1,1
MediaIngredientMech:000978,CHEBI:78018,Bacto-tryptone,MAPPED,dodecylphosphocholine,CHEBI,EXACT_MATCH,1,1
MediaIngredientMech:000979,CHEBI:62064,"2,3-Butanediol",MAPPED,"2,3-butanediol",CHEBI,EXACT_MATCH,1,1
MediaIngredientMech:000980,CHEBI:31345,Calcium Pantothenate,MAPPED,Calcium pantothenate,CHEBI,EXACT_MATCH,1,1
MediaIngredientMech:000981,CHEBI:86345,magnesium chloride,MAPPED,magnesium dichloride hexahydrate,CHEBI,EXACT_MATCH,1,1
MediaIngredientMech:000982,CHEBI:16148,Heptadecane,MAPPED,Heptadecane,CHEBI,EXACT_MATCH,1,1
MediaIngredientMech:000983,CHEBI:15356,Cystein,MAPPED,Cystein,CHEBI,EXACT_MATCH,1,1
MediaIngredientMech:000984,CHEBI:18012,Fumaric Acid,MAPPED,fumaric acid,CHEBI,EXACT_MATCH,1,1
MediaIngredientMech:000985,CHEBI:62965,Sodium Formate,MAPPED,sodium formate,CHEBI,EXACT_MATCH,1,1
MediaIngredientMech:000986,CHEBI:2509,Columbia blood agar base,MAPPED,Columbia blood agar base,CHEBI,EXACT_MATCH,1,1
MediaIngredientMech:000987,CHEBI:14258,sulfur (powder),MAPPED,,CHEBI,EXACT_MATCH,1,1
MediaIngredientMech:000988,CHEBI:86477,Sodium sulfite,MAPPED,Sodium sulfite,CHEBI,EXACT_MATCH,1,1
MediaIngredientMech:000989,CHEBI:75832,FeSO4 ,MAPPED,iron(2+) sulfate (anhydrous),CHEBI,EXACT_MATCH,1,1
MediaIngredientMech:000990,CHEBI:32599,MgSO4 x 6H2O,MAPPED,magnesium sulfate,CHEBI,EXACT_MATCH,1,1
MediaIngredientMech:000991,CHEBI:37585,NaH2PO4 x 2H2O,MAPPED,sodium dihydrogenphosphate,CHEBI,EXACT_MATCH,1,1
MediaIngredientMech:000992,CHEBI:5291,Gelatin,MAPPED,Gelatin,CHEBI,EXACT_MATCH,1,1
MediaIngredientMech:000993,CHEBI:86477,Na2SO3 x 5 H2O,MAPPED,Na2SO3 x 5 H2O,CHEBI,EXACT_MATCH,1,1
MediaIngredientMech:000994,CHEBI:8006,N-acetyl-D-glucosamine,MAPPED,Peptidoglycan(N-acetyl-D-glucosamine),CHEBI,EXACT_MATCH,1,1
MediaIngredientMech:000995,CHEBI:12936,D-galactose,MAPPED,D-galactose,CHEBI,EXACT_MATCH,1,1
MediaIngredientMech:000996,CHEBI:65327,D-xylose,MAPPED,D-xylose,CHEBI,EXACT_MATCH,1,1
MediaIngredientMech:000997,CHEBI:62345,L-rhamnose,MAPPED,L-Rhamnose,CHEBI,EXACT_MATCH,1,1
MediaIngredientMech:000998,CHEBI:16024,D-mannose,MAPPED,D-Mannose,CHEBI,EXACT_MATCH,1,1
MediaIngredientMech:000999,CHEBI:27082,D-trehalose,MAPPED,D-Trehalose,CHEBI,EXACT_MATCH,1,1
MediaIngredientMech:001000,CHEBI:2509,Malt extract agar,MAPPED,Malt extract agar,CHEBI,EXACT_MATCH,1,1
MediaIngredientMech:001001,CHEBI:132112,sodium thiosulfate,MAPPED,Sodium Thiosulfate,CHEBI,EXACT_MATCH,1,1
MediaIngredientMech:001002,CHEBI:27082,D(+)-Trehalose,MAPPED,D(+)-Trehalose,CHEBI,EXACT_MATCH,1,1
MediaIngredientMech:001003,CHEBI:36218,lactose,MAPPED,beta-lactose,CHEBI,EXACT_MATCH,1,1
MediaIngredientMech:001004,CHEBI:30845,2-Furoic acid,MAPPED,2-Furoic acid,CHEBI,EXACT_MATCH,1,1
MediaIngredientMech:001005,CHEBI:22660,DL-aspartic acid,MAPPED,DL-aspartic acid,CHEBI,EXACT_MATCH,1,1
MediaIngredientMech:001006,CHEBI:75213,Na2MoO4-2H2O,MAPPED,sodium molybdate dihydrate,CHEBI,EXACT_MATCH,1,1
MediaIngredientMech:001007,CHEBI:32312,ZnSO4-7H2O,MAPPED,zinc sulfate heptahydrate,CHEBI,EXACT_MATCH,1,1
MediaIngredientMech:001008,CHEBI:86318,CuCl2-2H2O,MAPPED,copper(II) chloride dihydrate,CHEBI,EXACT_MATCH,1,1
MediaIngredientMech:001009,CHEBI:2509,Legionella agar enrichment,MAPPED,Legionella agar enrichment,CHEBI,EXACT_MATCH,1,1
MediaIngredientMech:001010,CHEBI:29864,mannitol,MAPPED,mannitol,CHEBI,EXACT_MATCH,1,1
MediaIngredientMech:001011,CHEBI:64220,Monosodium Glutamate,MAPPED,monosodium glutamate,CHEBI,EXACT_MATCH,1,1
MediaIngredientMech:001012,CHEBI:16196,Oleic Acid,MAPPED,Oleic acid,CHEBI,EXACT_MATCH,1,1
MediaIngredientMech:001013,CHEBI:53258,trisodium citrate,MAPPED,sodium citrate,CHEBI,EXACT_MATCH,1,1
MediaIngredientMech:001014,CHEBI:2682,Amphotericin B,MAPPED,Amphotericin B,CHEBI,EXACT_MATCH,1,1
MediaIngredientMech:001015,CHEBI:44557,Nitrilotriacetic Acid,MAPPED,nitrilotriacetic acid,CHEBI,EXACT_MATCH,1,1
MediaIngredientMech:001016,CHEBI:30961,Pyridoxine Hydrochloride,MAPPED,pyridoxine hydrochloride,CHEBI,EXACT_MATCH,1,1
MediaIngredientMech:001017,CHEBI:232798,Na-L-Lactate,MAPPED,,CHEBI,EXACT_MATCH,1,1
MediaIngredientMech:001018,CHEBI:86214,Co(NO3)2 x 6H2O,MAPPED,cobalt dinitrate hexahydrate,CHEBI,EXACT_MATCH,1,1
MediaIngredientMech:001019,CHEBI:34887,NiCl2 x 5 H2O,MAPPED,NiCl2 x 5 H2O,CHEBI,EXACT_MATCH,1,1
MediaIngredientMech:001020,CHEBI:191088,CAPS buffer,MAPPED,,CHEBI,EXACT_MATCH,1,1
MediaIngredientMech:001021,CHEBI:86155,bromothymol blue,MAPPED,Bromothymol blue,CHEBI,EXACT_MATCH,1,1
MediaIngredientMech:001022,CHEBI:86465,AlK(SO4)2·12H2O,MAPPED,potassium aluminium sulfate dodecahydrate,CHEBI,EXACT_MATCH,1,1
MediaIngredientMech:001023,CHEBI:15356,cysteine,MAPPED,Cysteine,CHEBI,EXACT_MATCH,1,1
MediaIngredientMech:001024,CHEBI:16410,pyridoxamine,MAPPED,pyridoxamine,CHEBI,EXACT_MATCH,1,1
MediaIngredientMech:001025,CHEBI:27897,tryptophan,MAPPED,Tryptophan,CHEBI,EXACT_MATCH,1,1
MediaIngredientMech:001026,CHEBI:30763,4-Hydroxybenzoic acid,MAPPED,4-Hydroxybenzoic acid,CHEBI,EXACT_MATCH,1,1
MediaIngredientMech:001027,CHEBI:176843,VitaminB12,MAPPED,vitamin B12,CHEBI,EXACT_MATCH,1,1
MediaIngredientMech:001028,CHEBI:15971,L-Histidin,MAPPED,L-Histidin,CHEBI,EXACT_MATCH,1,1
MediaIngredientMech:001029,CHEBI:17115,L-Serin,MAPPED,L-Serin,CHEBI,EXACT_MATCH,1,1
MediaIngredientMech:001030,CHEBI:91261,Na-L-malate,MAPPED,Na-L-malate,CHEBI,EXACT_MATCH,1,1
MediaIngredientMech:001031,CHEBI:64700,Methylamine-HCl,MAPPED,,CHEBI,EXACT_MATCH,1,1
MediaIngredientMech:001032,CHEBI:36018,"1,1,2-Trichloroethane",MAPPED,"1,1,2-Trichloroethane",CHEBI,EXACT_MATCH,1,1
MediaIngredientMech:001033,CHEBI:22599,arabinose,MAPPED,Arabinose,CHEBI,EXACT_MATCH,1,1
MediaIngredientMech:001034,CHEBI:46756,Hepes,MAPPED,HEPES,CHEBI,EXACT_MATCH,1,1
MediaIngredientMech:001035,CHEBI:26710,sodium chloride,MAPPED,Sodium Chloride,CHEBI,EXACT_MATCH,1,1
MediaIngredientMech:001036,CHEBI:115197,Na-gallate,MAPPED,Na-gallate,CHEBI,EXACT_MATCH,1,1
MediaIngredientMech:001037,CHEBI:18248,Iron,MAPPED,Iron,CHEBI,EXACT_MATCH,1,1
MediaIngredientMech:001038,CHEBI:132766,"0.5 M Nitrilotriacetic acid, disodium salt",MAPPED,sodium nitrilotriacetate,CHEBI,EXACT_MATCH,1,1
MediaIngredientMech:001039,CHEBI:17439,cyanocobalamin,MAPPED,cyanocob(III)alamin,CHEBI,EXACT_MATCH,1,1
MediaIngredientMech:001040,CHEBI:91249,Ammonium Molybdate,MAPPED,Ammonium Molybdate,CHEBI,EXACT_MATCH,1,1
MediaIngredientMech:001041,CHEBI:44557,nitrilotriacetic acid,MAPPED,nitrilotriacetic acid,CHEBI,EXACT_MATCH,1,1
MediaIngredientMech:001042,CHEBI:132766,"Nitrilotriacetic acid, trisodium salt",MAPPED,sodium nitrilotriacetate,CHEBI,EXACT_MATCH,1,1
MediaIngredientMech:001043,CHEBI:74779,Al2(SO4)3 x 18 H2O,MAPPED,Al2(SO4)3 x 18 H2O,CHEBI,EXACT_MATCH,1,1
MediaIngredientMech:001044,CHEBI:113451,Sodium Ascorbate,MAPPED,sodium ascorbate,CHEBI,EXACT_MATCH,1,1
MediaIngredientMech:001045,CHEBI:75832,FeSO4 x 7H2O,MAPPED,iron(2+) sulfate (anhydrous),CHEBI,EXACT_MATCH,1,1
MediaIngredientMech:001046,CHEBI:78020,casamino acid,MAPPED,heptacosanoate,CHEBI,EXACT_MATCH,1,1
MediaIngredientMech:001047,CHEBI:75228,Sodium Lactate,MAPPED,sodium lactate,CHEBI,EXACT_MATCH,1,1
MediaIngredientMech:001048,CHEBI:28675,dextrin,MAPPED,dextrin,CHEBI,EXACT_MATCH,1,1
MediaIngredientMech:001049,CHEBI:2682,amphotericin B,MAPPED,Amphotericin B,CHEBI,EXACT_MATCH,1,1
MediaIngredientMech:001050,CHEBI:17151,Xylitol,MAPPED,Xylitol,CHEBI,EXACT_MATCH,1,1
MediaIngredientMech:001051,CHEBI:33984,Fucose,MAPPED,Fucose,CHEBI,EXACT_MATCH,1,1
MediaIngredientMech:001052,CHEBI:84997,sodium gluconate,MAPPED,sodium gluconate,CHEBI,EXACT_MATCH,1,1
MediaIngredientMech:001053,CHEBI:32142,sodium citrate,MAPPED,sodium citrate dihydrate,CHEBI,EXACT_MATCH,1,1
MediaIngredientMech:001054,CHEBI:32583,CaSO4.2H2O,MAPPED,calcium sulfate dihydrate,CHEBI,EXACT_MATCH,1,1
MediaIngredientMech:001055,CHEBI:86156,Cd(NO3)2 x 4 H2O,MAPPED,Cd(NO3)2 x 4 H2O,CHEBI,EXACT_MATCH,1,1
MediaIngredientMech:001056,CHEBI:86206,Cr(NO3)3 x 7 H2O,MAPPED,Cr(NO3)3 x 7 H2O,CHEBI,EXACT_MATCH,1,1
MediaIngredientMech:001057,CHEBI:30763,4-hydroxybenzoic acid,MAPPED,4-Hydroxybenzoic acid,CHEBI,EXACT_MATCH,1,1
MediaIngredientMech:001058,CHEBI:29377, Na2CO3,MAPPED,sodium carbonate,CHEBI,EXACT_MATCH,1,1
MediaIngredientMech:001059,CHEBI:86149,(NH4)2Ni(SO4)2•6H2O,MAPPED,ammonium nickel sulfate hexahydrate,CHEBI,EXACT_MATCH,1,1
MediaIngredientMech:001060,CHEBI:50144,Sodium Pyruvate,MAPPED,sodium pyruvate,CHEBI,EXACT_MATCH,1,1
MediaIngredientMech:001061,CHEBI:44115,Morpholinopropane sulfonic acid ,MAPPED,Morpholinopropane sulfonic acid,CHEBI,EXACT_MATCH,1,1
MediaIngredientMech:001062,CHEBI:16283,L-cystine,MAPPED,L-cystine,CHEBI,EXACT_MATCH,1,1
MediaIngredientMech:001063,CHEBI:16828,L-tryptophan,MAPPED,L-tryptophan,CHEBI,EXACT_MATCH,1,1
MediaIngredientMech:001064,CHEBI:32036,K2SO4 x 7 H2O,MAPPED,K2SO4 x 7 H2O,CHEBI,EXACT_MATCH,1,1
MediaIngredientMech:001065,CHEBI:29377,Na2CO3-CO2 buffer,MAPPED,Na2CO3-CO2 buffer,CHEBI,EXACT_MATCH,1,1
MediaIngredientMech:001066,CHEBI:35607,Na3VO4,MAPPED,Na3VO4,CHEBI,EXACT_MATCH,1,1
MediaIngredientMech:001067,CHEBI:75249,K2CrO4,MAPPED,,CHEBI,EXACT_MATCH,1,1
MediaIngredientMech:001068,CHEBI:86218,Cresol red,MAPPED,Cresol red,CHEBI,EXACT_MATCH,1,1
MediaIngredientMech:001069,CHEBI:17057,cellobiose,MAPPED,cellobiose,CHEBI,EXACT_MATCH,1,1
MediaIngredientMech:001070,CHEBI:53258,citric acid,MAPPED,sodium citrate,CHEBI,EXACT_MATCH,1,1
MediaIngredientMech:001071,CHEBI:78020,casamino acids,MAPPED,heptacosanoate,CHEBI,EXACT_MATCH,1,1
MediaIngredientMech:001072,CHEBI:14258,sulfur powder,MAPPED,Sulfur powder,CHEBI,EXACT_MATCH,1,1
MediaIngredientMech:001073,CHEBI:82664,Iron powder,MAPPED,Iron powder,CHEBI,EXACT_MATCH,1,1
MediaIngredientMech:001074,CHEBI:86463,KAl(SO4)2,MAPPED,KAl(SO4)2,CHEBI,EXACT_MATCH,1,1
MediaIngredientMech:001075,CHEBI:31991,phenol red,MAPPED,Phenol red,CHEBI,EXACT_MATCH,1,1
MediaIngredientMech:001076,CHEBI:86466,Potassium tetrathionate,MAPPED,Potassium tetrathionate,CHEBI,EXACT_MATCH,1,1
MediaIngredientMech:001077,CHEBI:24266,Gluconic acid,MAPPED,Gluconic acid,CHEBI,EXACT_MATCH,1,1
MediaIngredientMech:001078,CHEBI:37070,DL-2-Methyl butyric acid,MAPPED,2-methylbutyric acid,CHEBI,EXACT_MATCH,1,1
MediaIngredientMech:001079,CHEBI:131531,pyridoxamine-HCl,MAPPED,pyridoxamine hydrochloride,CHEBI,EXACT_MATCH,1,1
MediaIngredientMech:001080,CHEBI:29073,L-ascorbic acid,MAPPED,L-ascorbic acid,CHEBI,EXACT_MATCH,1,1
MediaIngredientMech:001081,CHEBI:6650,DL-malic acid,MAPPED,malic acid,CHEBI,EXACT_MATCH,1,1
MediaIngredientMech:001082,CHEBI:17561,L-cysteine,MAPPED,L-cysteine,CHEBI,EXACT_MATCH,1,1
MediaIngredientMech:001083,CHEBI:45395,Co Carboxylase,MAPPED,Co Carboxylase,CHEBI,EXACT_MATCH,1,1
MediaIngredientMech:001084,CHEBI:82664,iron powder,MAPPED,Iron powder,CHEBI,EXACT_MATCH,1,1
MediaIngredientMech:001085,CHEBI:17334,penicillin,MAPPED,Penicillin,CHEBI,EXACT_MATCH,1,1
MediaIngredientMech:001086,CHEBI:82664,Iron metal,MAPPED,Iron metal,CHEBI,EXACT_MATCH,1,1
MediaIngredientMech:001087,CHEBI:86158,CaCl2x2H2O,MAPPED,calcium chloride dihydrate,CHEBI,EXACT_MATCH,1,1
MediaIngredientMech:001088,CHEBI:63675,sodium succinate,MAPPED,sodium succinate (anhydrous),CHEBI,EXACT_MATCH,1,1
MediaIngredientMech:001089,CHEBI:49105,thiamine-HCl,MAPPED,thiamine hydrochloride,CHEBI,EXACT_MATCH,1,1
MediaIngredientMech:001090,CHEBI:131531,pyridoxine-HCl,MAPPED,pyridoxamine hydrochloride,CHEBI,EXACT_MATCH,1,1
MediaIngredientMech:001091,CHEBI:15940,niacin,MAPPED,nicotinic acid,CHEBI,EXACT_MATCH,1,1
MediaIngredientMech:001092,CHEBI:60720,Na silicate,MAPPED,Na silicate,CHEBI,EXACT_MATCH,1,1
MediaIngredientMech:001093,CHEBI:91249,Ammonium molybdate,MAPPED,ammonium molybdate,CHEBI,EXACT_MATCH,1,1
MediaIngredientMech:001094,CHEBI:46020,tetramethyl ammonium,MAPPED,,CHEBI,EXACT_MATCH,1,1
MediaIngredientMech:001095,CHEBI:9532,0.2% Thiamine pyrophosphate,MAPPED,thiamine(1+) diphosphate,CHEBI,EXACT_MATCH,1,1
MediaIngredientMech:001096,CHEBI:26977,thiosulfate,MAPPED,Thiosulfate,CHEBI,EXACT_MATCH,1,1
MediaIngredientMech:001097,CHEBI:2509,GAM agar,MAPPED,GAM agar,CHEBI,EXACT_MATCH,1,1
MediaIngredientMech:001098,CHEBI:2509,Mueller Hinton II agar,MAPPED,Mueller Hinton II agar,CHEBI,EXACT_MATCH,1,1
MediaIngredientMech:001099,CHEBI:3311,Calcium Carbonate,MAPPED,Calcium Carbonate,CHEBI,EXACT_MATCH,1,1
MediaIngredientMech:001100,CHEBI:34887,NiCl2 x 6 H2O (0.1% w/v),MAPPED,nickel dichloride,CHEBI,EXACT_MATCH,1,1
MediaIngredientMech:001101,CHEBI:6109,Kanamycin sulfate,MAPPED,Kanamycin sulfate,CHEBI,EXACT_MATCH,1,1
MediaIngredientMech:001102,CHEBI:15891,Taurine,MAPPED,Taurine,CHEBI,EXACT_MATCH,1,1
MediaIngredientMech:001103,CHEBI:36385,SrCl2 x 6 H2O (0.1% w/v),MAPPED,strontium dichloride hexahydrate,CHEBI,EXACT_MATCH,1,1
MediaIngredientMech:001104,CHEBI:86158,Calcium chloride dihydrate,MAPPED,Calcium chloride dihydrate,CHEBI,EXACT_MATCH,1,1
MediaIngredientMech:001105,CHEBI:32954,Na-Acetate,MAPPED,Na-acetate,CHEBI,EXACT_MATCH,1,1
MediaIngredientMech:001106,CHEBI:2509,Brewer anaerobic agar,MAPPED,Brewer anaerobic agar,CHEBI,EXACT_MATCH,1,1
MediaIngredientMech:001107,CHEBI:2509,BL Agar,MAPPED,BL Agar,CHEBI,EXACT_MATCH,1,1
